0.000000 0.000000000 0.000000000 0.000000000 -0.000000000 -0.000000000 -0.000000000 1.000000000
0.050000 0.000278329 -0.000123909 0.000234032 -0.001119356 0.004114427 -0.001991515 0.999988914
0.100000 0.000226422 -0.000516529 0.000841023 -0.000631777 0.006904704 -0.003060353 0.999971271
0.150000 -0.000094942 -0.000839115 0.001008346 0.000369131 0.011428195 -0.001180123 0.999933958
0.200000 0.000490066 -0.000795013 0.001602202 0.002113818 0.019330580 0.001947050 0.999809027
0.250000 -0.000114953 -0.000346038 0.000584126 0.005104315 0.027354473 0.004082348 0.999604404
0.300000 -0.000063806 -0.000121748 0.001546202 0.006742056 0.035225067 0.003000134 0.999352157
0.350000 -0.000438423 0.000127101 0.001430613 0.007396398 0.041385293 0.000521821 0.999115765
0.400000 -0.000168954 -0.000034685 0.002012939 0.007587377 0.044447236 -0.000854713 0.998982608
0.450000 -0.000951882 0.000130686 0.002438304 0.005429586 0.050400324 -0.003176398 0.998709321
0.500000 -0.000818998 0.000229807 0.002978928 -0.000398448 0.055838201 -0.001441948 0.998438716
0.600000 -0.010375525 0.001451831 0.238124847 -0.019380314 0.061385438 0.008075956 0.997893333
0.650000 -0.001384040 0.000115206 0.312267810 -0.027810287 0.061920900 0.009289176 0.997650325
0.700000 0.003573477 0.024346782 0.395558059 -0.031300701 0.062599875 0.009217381 0.997505188
0.750000 0.015168775 0.038041592 0.464183986 -0.031649217 0.063169077 0.008851823 0.997461617
0.800000 0.010259638 0.054937296 0.576424062 -0.030726362 0.061653126 0.008399854 0.997589231
0.850000 0.015959891 0.074490950 0.677333951 -0.028118085 0.056288976 0.008679417 0.997980773
0.900000 0.016897617 0.066963278 0.756785631 -0.026843581 0.050117467 0.010195586 0.998330474
0.950000 0.011356456 0.058794606 0.839709938 -0.025207283 0.045395382 0.009684262 0.998604059
1.000000 0.036077157 0.040155716 0.927018702 -0.020134892 0.038087588 0.009698529 0.999024451
1.050000 0.045057930 0.031029977 1.033082843 -0.010476689 0.032038487 0.009897668 0.999382734
1.100000 0.040180206 -0.007272345 1.133699179 -0.001382969 0.029854631 0.009638261 0.999506831
1.150000 0.045660805 -0.032032128 1.300425291 0.007148652 0.029722119 0.008991091 0.999492228
1.200000 0.039582845 -0.050076816 1.405385852 0.013261726 0.030828899 0.007949424 0.999405086
1.250000 0.056881376 -0.046187274 1.518874526 0.017571667 0.030135343 0.007242694 0.999365151
1.300000 0.053625088 -0.057885088 1.617239833 0.019296275 0.031218564 0.006507133 0.999305129
1.350000 0.061611243 -0.070487104 1.745200515 0.019541839 0.033011492 0.006285958 0.999244153
1.400000 0.055099029 -0.046082344 1.859384179 0.018708829 0.038462482 0.007136974 0.999059379
1.450000 0.072050825 -0.027028302 1.995824456 0.015198992 0.043771464 0.009851967 0.998877406
1.500000 0.070114881 -0.055957623 2.089324951 0.007805797 0.051863119 0.011189658 0.998561025
1.550000 0.078812867 -0.063401729 2.187636614 0.003469823 0.060022473 0.013129628 0.998104692
1.600000 0.164329097 -0.086839534 2.283057690 0.000392736 0.062697992 0.017334564 0.997881949
1.650000 0.172097147 -0.083950028 2.392733574 -0.004384586 0.067714818 0.017343046 0.997544348
1.700000 0.179038092 -0.090548515 2.504213572 -0.009689553 0.072227806 0.016984487 0.997196496
1.750000 0.166403159 -0.095822722 2.630754948 -0.012687198 0.076122366 0.016191600 0.996886313
1.800000 0.152681723 -0.101112850 2.738363028 -0.013185627 0.076493353 0.013949696 0.996885300
1.850000 0.168427959 -0.094661459 2.871403217 -0.007941909 0.076804429 0.013535275 0.996922672
1.900000 0.202354416 -0.076540038 3.019391775 -0.000686804 0.075074255 0.014914189 0.997066200
1.950000 0.192766294 -0.084695414 3.140945911 0.004512608 0.072368912 0.014914358 0.997256219
2.000000 0.212624565 -0.104699031 3.292112589 0.006933679 0.066991717 0.014306308 0.997626901
2.050000 0.262094617 -0.144937515 3.448235989 0.008139676 0.058811430 0.012776823 0.998154163
2.100000 0.279214144 -0.142187506 3.613546371 0.011339824 0.053962752 0.010602516 0.998422265
2.150000 0.316583455 -0.117542654 3.768862724 0.013401628 0.049037330 0.008186026 0.998673499
2.200000 0.345186085 -0.132438809 3.881266117 0.010922696 0.043546289 0.007297217 0.998965085
2.250000 0.352573782 -0.138518736 4.037682056 0.013244802 0.041364778 0.006179454 0.999037206
2.300000 0.378251344 -0.139253810 4.201031685 0.019649856 0.038673934 0.004637570 0.999047935
2.350000 0.397785008 -0.158907056 4.348346233 0.027565470 0.041223586 0.000997920 0.998769164
2.400000 0.421888143 -0.153329104 4.559587479 0.034383051 0.045315035 0.001479621 0.998379767
2.450000 0.440950125 -0.161239624 4.752632141 0.038474351 0.052823897 0.002592735 0.997859001
2.500000 0.455931634 -0.198931828 4.907158852 0.040151384 0.060050469 0.003488651 0.997381389
2.550000 0.507343829 -0.227430061 5.039447308 0.040392514 0.063410543 0.005295103 0.997155726
2.600000 0.548906028 -0.235895246 5.166967869 0.037495397 0.065518923 0.003553024 0.997140288
2.650000 0.539247274 -0.271757662 5.387381077 0.033821136 0.065790057 0.001367172 0.997259259
2.700000 0.560218811 -0.275030732 5.547379494 0.033430476 0.065026544 0.000856334 0.997323036
2.750000 0.549575269 -0.278375983 5.767746449 0.034962185 0.066896938 -0.001168386 0.997146487
2.800000 0.575367093 -0.251981318 5.901020050 0.037145801 0.066350840 -0.000650084 0.997104466
2.850000 0.603275359 -0.232979730 6.006098747 0.036619816 0.059772909 0.003241499 0.997534811
2.900000 0.577115417 -0.264429599 6.188570499 0.031673357 0.054938588 0.006764350 0.997964323
2.950000 0.613801241 -0.277219623 6.349201202 0.026260532 0.048938893 0.010053670 0.998405874
3.000000 0.633532703 -0.274777561 6.492308617 0.021666111 0.042844296 0.011973112 0.998775065
3.050000 0.611299217 -0.307639450 6.688959122 0.013787325 0.039864101 0.011031474 0.999049127
3.100000 0.643894017 -0.315718204 6.858728409 0.007625509 0.035156678 0.008910253 0.999312997
3.150000 0.638084292 -0.326433450 7.043220520 0.006385820 0.034517091 0.005550291 0.999368310
3.200000 0.670607507 -0.324763507 7.200566769 0.013487188 0.032659922 0.003136487 0.999370575
3.250000 0.680814743 -0.344427824 7.353799820 0.022362651 0.031642858 -0.000332347 0.999248981
3.300000 0.716032565 -0.355488837 7.507596970 0.028812196 0.035717443 -0.001622489 0.998945177
3.350000 0.727706790 -0.371597648 7.665650845 0.030399555 0.043924712 -0.001301882 0.998571396
3.400000 0.753657877 -0.409611762 7.874561310 0.029304683 0.050769843 -0.000264763 0.998280287
3.450000 0.751522362 -0.421139508 8.029191971 0.029204046 0.060610164 -0.001124305 0.997733593
3.500000 0.780898809 -0.429584444 8.260213852 0.029403707 0.067792043 0.000758080 0.997265816
3.550000 0.830889821 -0.466560990 8.400442123 0.033386692 0.071314231 0.001726285 0.996893525
3.600000 0.866937399 -0.468303353 8.585663795 0.040538579 0.073797069 0.003854791 0.996441543
3.650000 0.875284135 -0.458486140 8.637970924 0.047359891 0.071210675 0.004872048 0.996324420
3.700000 0.839514792 -0.466469586 8.796875954 0.053164531 0.070613459 0.006145815 0.996066988
3.750000 0.887416840 -0.442352980 8.979065895 0.059169523 0.065461159 0.013130272 0.996012747
3.800000 0.889199018 -0.447778046 9.173053741 0.063717805 0.058268473 0.015797632 0.996140182
3.850000 0.869751811 -0.448021024 9.254171371 0.064259142 0.050318133 0.015210699 0.996547818
3.900000 0.885583937 -0.469503075 9.470554352 0.061810661 0.046844367 0.013583959 0.996895432
3.950000 0.911421359 -0.501168013 9.551861763 0.054534692 0.046904709 0.012316803 0.997333586
4.000000 0.929369748 -0.529872000 9.725955963 0.048152018 0.048151817 0.011588275 0.997611403
4.050000 0.891329706 -0.522721112 9.870296478 0.046533134 0.048121892 0.011166424 0.997694492
4.100000 0.880572796 -0.516365349 10.082719803 0.049050473 0.052416794 0.008430727 0.997384310
4.150000 0.848494947 -0.504588962 10.314076424 0.051545672 0.059700489 0.003662556 0.996877909
4.200000 0.831911087 -0.545640230 10.507565498 0.053101640 0.064681418 -0.000808299 0.996491790
4.250000 0.970615864 -0.550987124 10.555606842 0.057139821 0.068959862 -0.001569384 0.995980501
4.300000 1.017226338 -0.590400636 10.672237396 0.057401605 0.073748462 -0.000087214 0.995623529
4.350000 1.021632433 -0.606844544 10.902322769 0.054514252 0.077532865 -0.000026401 0.995498300
4.400000 1.060979724 -0.629883945 11.061831474 0.050634991 0.078600302 -0.000434151 0.995619357
4.450000 1.088427663 -0.636646569 11.226654053 0.048561513 0.080230676 -0.000958355 0.995592237
4.500000 1.105902910 -0.645452082 11.353140831 0.048994906 0.081840083 -0.003017560 0.995435953
4.550000 1.128733873 -0.635141313 11.502331734 0.052523721 0.079667240 -0.004127258 0.995428205
4.600000 1.153547764 -0.639798999 11.685802460 0.053962927 0.076701850 -0.003604843 0.995586216
4.650000 1.192778826 -0.649651349 11.841516495 0.052407250 0.070692852 0.000230784 0.996120453
4.700000 1.195587516 -0.675809443 11.978535652 0.047680892 0.064333968 -0.000421708 0.996788621
4.750000 1.222788692 -0.679659188 12.141859055 0.043564737 0.058519822 -0.002664363 0.997331679
4.800000 1.232661963 -0.691700816 12.311351776 0.038102895 0.053862866 -0.003562304 0.997814775
4.850000 1.241725326 -0.703661025 12.457255363 0.032195106 0.049529020 -0.003373185 0.998247981
4.900000 1.253797293 -0.713542104 12.612040520 0.031078326 0.048499495 -0.003807044 0.998332322
4.950000 1.276552439 -0.717487395 12.779637337 0.036471408 0.046006624 -0.005814358 0.998258173
5.000000 1.294025064 -0.718047857 12.966302872 0.042560570 0.045424048 -0.010082634 0.998009861
5.050000 1.309405088 -0.730812311 13.116628647 0.044445474 0.049111892 -0.013835550 0.997708023
5.100000 1.323582768 -0.742998838 13.290695190 0.044123892 0.052855670 -0.016161939 0.997495949
5.150000 1.337778091 -0.747371018 13.440421104 0.045554142 0.060150333 -0.015487457 0.997029066
5.200000 1.356436491 -0.775193393 13.575503349 0.043985210 0.066898115 -0.012505541 0.996711373
5.250000 1.360975146 -0.803951621 13.758210182 0.039031591 0.071413547 -0.010666733 0.996625781
5.300000 1.375428319 -0.815811634 13.909351349 0.035827093 0.074219093 -0.009406424 0.996553838
5.350000 1.401126266 -0.807056248 14.065461159 0.036645968 0.078475572 -0.006203293 0.996222973
5.400000 1.385868549 -0.831841171 14.058361053 0.038184118 0.081914499 -0.003172441 0.995902598
5.450000 1.379757881 -0.833314836 14.220853806 0.041928746 0.083970055 -0.000838359 0.995585442
5.500000 1.392946124 -0.805019736 14.423712730 0.046958786 0.085444920 0.001013844 0.995235145
5.550000 1.414017797 -0.827181399 14.539749146 0.050286993 0.085598119 0.004244972 0.995050848
5.600000 1.462258101 -0.834687889 14.739157677 0.051827755 0.082693681 0.007732479 0.995196402
5.650000 1.453775883 -0.850617051 14.883191109 0.049057722 0.081032805 0.005341381 0.995489120
5.700000 1.471806288 -0.835396111 14.913368225 0.043412849 0.078791544 0.003466762 0.995939374
5.750000 1.488505244 -0.830075324 15.068445206 0.037847418 0.079706557 0.001001352 0.996099114
5.800000 1.523072243 -0.847145498 15.204864502 0.034695487 0.079539590 -0.000000940 0.996227741
5.850000 1.503382683 -0.858782172 15.401114464 0.037247878 0.079881094 -0.000952052 0.996107817
5.900000 1.542155743 -0.822537363 15.579049110 0.044444263 0.080861188 -0.000396885 0.995733917
5.950000 1.548277140 -0.858222902 15.711664200 0.047691576 0.083444923 -0.002724107 0.995366812
6.000000 1.540248752 -0.880776942 15.746829033 0.045970991 0.083706915 -0.003701397 0.995422602
6.050000 1.536357641 -0.894576192 15.910007477 0.041561492 0.086931407 -0.002789865 0.995343029
6.100000 1.542104244 -0.912621856 16.129816055 0.035871819 0.091221452 0.001409488 0.995183349
6.150000 1.584481359 -0.937990904 16.236312866 0.029927185 0.092187285 0.002533508 0.995288670
6.200000 1.608620644 -0.935985565 16.354280472 0.028846789 0.091144726 0.002113036 0.995417535
6.250000 1.619055510 -0.922124445 16.535593033 0.031580675 0.090211160 0.000448443 0.995421708
6.300000 1.635222793 -0.912094712 16.708686829 0.036166199 0.089620516 -0.001060095 0.995318592
6.350000 1.636636376 -0.905884266 16.632474899 0.039078712 0.085559711 -0.002647261 0.995562851
6.400000 1.650429368 -0.913991511 16.768756866 0.040586874 0.080669753 -0.002700246 0.995910525
6.450000 1.658450484 -0.922153592 16.938852310 0.039290164 0.072794788 0.000272533 0.996572673
6.500000 1.663272142 -0.924195528 17.096616745 0.036960002 0.066074602 -0.000211583 0.997129917
6.550000 1.685145617 -0.939161837 17.101512909 0.033570271 0.062265806 0.000076943 0.997494876
6.600000 1.696731925 -0.987930655 17.226633072 0.031347621 0.063998833 -0.002310314 0.997454822
6.650000 1.717668176 -0.995238423 17.380121231 0.032712203 0.065901980 -0.006326453 0.997269690
6.700000 1.734842420 -1.004841924 17.534536362 0.036149189 0.067083351 -0.010267494 0.997039437
6.750000 1.759301782 -1.021012902 17.650102615 0.043059416 0.068217486 -0.014275454 0.996638596
6.800000 1.771214962 -1.006917357 17.820613861 0.051607095 0.069599673 -0.017321538 0.996088624
6.850000 1.773879647 -1.011351109 17.864690781 0.057401940 0.071057647 -0.021079402 0.995596111
6.900000 1.804433942 -1.007874250 17.999835968 0.061522894 0.074077599 -0.024309684 0.995056033
6.950000 1.825972438 -1.030284405 18.136383057 0.061672237 0.078479812 -0.024963390 0.994693041
7.000000 1.845449448 -1.033814669 18.342355728 0.060984280 0.081284471 -0.023665531 0.994541943
7.050000 1.820163012 -1.052012444 18.323848724 0.057801418 0.080750935 -0.020156341 0.994852781
7.100000 1.841456771 -1.067847371 18.452707291 0.056668136 0.079515480 -0.016558303 0.995083869
7.150000 1.862108946 -1.063939691 18.624416351 0.057294887 0.078913555 -0.013098621 0.995147407
7.200000 1.867089987 -1.065967441 18.731079102 0.059089024 0.079226740 -0.012616618 0.995023906
7.250000 1.887269497 -1.061768770 18.945856094 0.060288336 0.075714096 -0.010827945 0.995246470
7.300000 1.878523827 -1.059310555 19.054157257 0.058607183 0.069777004 -0.009314992 0.995795965
7.350000 1.906093717 -1.055212975 19.199171066 0.056103170 0.061810482 -0.005824182 0.996492863
7.400000 1.932339549 -1.081978321 19.333494186 0.050663233 0.055596817 -0.005395253 0.997152507
7.450000 1.941854715 -1.105970263 19.472406387 0.045213208 0.051493064 -0.005400437 0.997634768
7.500000 1.958820462 -1.110722780 19.653553009 0.040887069 0.050775677 -0.003958907 0.997864962
7.550000 1.993625879 -1.119778991 19.787448883 0.037673306 0.051672105 -0.003963652 0.997945428
7.600000 2.010631800 -1.117047071 19.924016953 0.038743578 0.051939737 -0.004922041 0.997886300
7.650000 2.029947758 -1.146655560 20.067914963 0.041062839 0.053043064 -0.008049526 0.997715116
7.700000 2.046023846 -1.119143963 20.149944305 0.041679710 0.055148717 -0.011240658 0.997544527
7.750000 2.074242353 -1.132416844 20.288280487 0.039736632 0.057167348 -0.012452859 0.997495770
7.800000 2.093908787 -1.151322842 20.437198639 0.036423929 0.060687736 -0.010280534 0.997439027
7.850000 2.108580828 -1.161396146 20.570775986 0.033248149 0.066547379 -0.007074390 0.997204065
7.900000 2.126950026 -1.183475971 20.707321167 0.028049706 0.071157247 -0.004808958 0.997059047
7.950000 2.177937746 -1.226712942 20.821468353 0.021870531 0.073140629 -0.002229393 0.997079313
8.000000 2.191189766 -1.217557669 20.896640778 0.019655505 0.074099943 -0.001338571 0.997056246
8.050000 2.215706110 -1.222774982 21.018577576 0.019330632 0.076705664 -0.001636144 0.996865034
8.100000 2.215525627 -1.236305714 21.205673218 0.021307880 0.076805197 -0.002043891 0.996816337
8.150000 2.235122204 -1.243659496 21.365154266 0.022198936 0.073668912 0.000726705 0.997035384
8.200000 2.261922836 -1.237527966 21.481880188 0.021926541 0.068663806 0.005216663 0.997385204
8.250000 2.263378143 -1.252542019 21.646974564 0.020441564 0.063592114 0.005140069 0.997753382
8.300000 2.275231123 -1.286869884 21.756208420 0.016399562 0.059373047 0.002592940 0.998097777
8.350000 2.295794964 -1.283445477 21.897569656 0.010620998 0.054584123 0.002572553 0.998449385
8.400000 2.312134504 -1.285826445 21.987108231 0.004132266 0.050571930 0.002318844 0.998709202
8.450000 2.316358805 -1.287608385 22.117021561 0.002367183 0.049834978 -0.000326940 0.998754621
8.500000 2.319127560 -1.312206745 22.264513016 0.005092756 0.049526859 -0.003785018 0.998752654
8.550000 2.357634783 -1.307189703 22.425275803 0.010233074 0.049387302 -0.008300008 0.998692811
8.600000 2.388110638 -1.306404471 22.541540146 0.013302471 0.052442607 -0.012132889 0.998461604
8.650000 2.393009186 -1.328148723 22.708362579 0.012492888 0.057782967 -0.016118046 0.998120904
8.700000 2.416826010 -1.339050889 22.824586868 0.007186435 0.063173868 -0.015096470 0.997862458
8.750000 2.426687956 -1.337360740 23.001974106 -0.000735479 0.066378705 -0.011555942 0.997727334
8.800000 2.439453840 -1.352717757 23.134988785 -0.006881458 0.068472646 -0.008115212 0.997596264
8.850000 2.463700771 -1.349637508 23.282125473 -0.007282469 0.070926040 -0.005234481 0.997441292
8.900000 2.488354445 -1.382503867 23.390640259 -0.004269013 0.073472090 -0.005668595 0.997272015
8.950000 2.522310257 -1.379459381 23.592115402 0.003086560 0.072952904 -0.007886891 0.997299492
9.000000 2.543803692 -1.400062323 23.705238342 0.009276392 0.068550937 -0.010411224 0.997550189
9.050000 2.554690599 -1.381124496 23.871870041 0.017403912 0.062775835 -0.010748984 0.997817993
9.100000 2.575530529 -1.383732796 23.981859207 0.023342714 0.055283424 -0.010623948 0.998141289
9.150000 2.595552683 -1.382020354 24.133571625 0.024858030 0.047667462 -0.012128264 0.998480260
9.200000 2.588443518 -1.426932812 24.225063324 0.023599645 0.040306609 -0.013719180 0.998814404
9.250000 2.560741901 -1.443555593 24.397933960 0.021789471 0.037458647 -0.013913366 0.998963714
9.300000 2.588431835 -1.459618926 24.516265869 0.019940853 0.035292652 -0.013238086 0.999090374
9.350000 2.626009464 -1.480938196 24.646095276 0.020575132 0.033807732 -0.013450042 0.999126017
9.400000 2.636364222 -1.465011477 24.796165466 0.025228864 0.032791033 -0.013996568 0.999045730
9.450000 2.649702787 -1.479482055 24.937723160 0.028450806 0.033396084 -0.016309600 0.998904049
9.500000 2.627353191 -1.512028933 25.079984665 0.028128406 0.038707305 -0.021658955 0.998619735
9.550000 2.649746418 -1.524974108 25.262865067 0.026555488 0.046298046 -0.025177265 0.998257220
9.600000 2.679400682 -1.548819661 25.403995514 0.021120710 0.054220885 -0.024817532 0.997997105
9.650000 2.689267635 -1.541646957 25.545806885 0.014783276 0.059956815 -0.023380361 0.997817636
9.700000 2.713147163 -1.557455778 25.694866180 0.007863789 0.063590147 -0.019705810 0.997750580
9.750000 2.737236023 -1.554436922 25.849113464 0.005608483 0.066343978 -0.014945398 0.997669160
9.800000 2.762522459 -1.558775067 25.998090744 0.008165852 0.070283018 -0.011868709 0.997423112
9.850000 2.797535181 -1.558493257 26.127576828 0.014703945 0.070300862 -0.008615625 0.997380257
9.900000 2.791316986 -1.578971386 26.300640106 0.019138515 0.069375321 -0.004668398 0.997396111
9.950000 2.819309711 -1.587199569 26.444478989 0.023526901 0.062947877 0.000408551 0.997739375
10.000000 2.817149401 -1.622328162 26.581476212 0.025030179 0.056396473 0.001231409 0.998093903
10.050000 2.860341787 -1.638732314 26.742921829 0.024725817 0.052568648 0.001461022 0.998310089
10.100000 2.873776674 -1.636641860 26.797990799 0.022521108 0.051056422 0.002109048 0.998439610
10.150000 2.877614498 -1.644022226 26.945922852 0.019537628 0.053963073 0.000285124 0.998351753
10.200000 2.893681526 -1.655998826 27.120834351 0.018900827 0.055216447 -0.001421351 0.998294532
10.250000 2.922050953 -1.659120083 27.281927109 0.021827636 0.052644890 -0.002527589 0.998371542
10.300000 2.938207150 -1.663165569 27.399024963 0.026015850 0.051940273 -0.004305321 0.998302042
10.350000 2.934133530 -1.690054178 27.570642471 0.029319901 0.056222856 -0.008550786 0.997951031
10.400000 2.967751741 -1.693550467 27.719505310 0.030769045 0.062294543 -0.013235401 0.997495592
10.450000 2.986001253 -1.686593533 27.873407364 0.028294839 0.067959011 -0.017961029 0.997125089
10.500000 2.935111523 -1.722811818 28.080106735 0.022139825 0.067890376 -0.021335049 0.997218907
10.550000 2.983071566 -1.724687219 28.256084442 0.019919682 0.064344041 -0.021633515 0.997494400
10.600000 2.999449968 -1.731369853 28.395996094 0.022593930 0.062908560 -0.022702586 0.997505188
10.650000 3.031107187 -1.737383127 28.485906601 0.028931769 0.060805760 -0.021387121 0.997501016
10.700000 3.021490574 -1.738997817 28.607496262 0.034696031 0.058364589 -0.018989155 0.997511506
10.750000 3.091415882 -1.740634918 28.819854736 0.036510091 0.051905856 -0.014835041 0.997874141
10.800000 3.078771830 -1.743779898 29.025035858 0.035739806 0.046738215 -0.012648714 0.998187482
10.850000 3.097087860 -1.774067163 29.178176880 0.030432342 0.042277973 -0.013938626 0.998545051
10.900000 3.108001947 -1.801349282 29.325317383 0.023889141 0.040016230 -0.014976465 0.998801172
10.950000 3.102739096 -1.829701304 29.470706940 0.019986447 0.039934326 -0.014874728 0.998891652
11.000000 3.175077438 -1.826761961 29.378835678 0.020895598 0.037801802 -0.013324703 0.998977900
11.050000 3.202440023 -1.832004189 29.539031982 0.027348816 0.036597379 -0.011773572 0.998886406
11.100000 3.225166559 -1.837426305 29.687683105 0.036169104 0.035397906 -0.009791670 0.998670578
11.150000 3.241052628 -1.828403831 29.854076385 0.040693369 0.037438497 -0.011696961 0.998401523
11.200000 3.248532057 -1.867722273 29.982460022 0.038015615 0.041718304 -0.014524364 0.998300314
11.250000 3.294804573 -1.861321807 30.152177811 0.032718450 0.046161816 -0.014127258 0.998298049
11.300000 3.335182667 -1.858628631 30.298484802 0.023081463 0.049779423 -0.008737551 0.998455286
11.350000 3.316205025 -1.891993403 30.410943985 0.012375328 0.052264351 -0.005809707 0.998539686
11.400000 3.334503412 -1.908632159 30.409963608 0.007160238 0.051972847 -0.002167799 0.998620510
11.450000 3.352167368 -1.905339956 30.548049927 0.012539899 0.054142389 0.000694360 0.998454273
11.500000 3.376238108 -1.894008875 30.733890533 0.025734801 0.056676701 -0.001148283 0.998060226
11.550000 3.409554482 -1.888889313 30.897079468 0.036619112 0.056318626 -0.002546434 0.997737825
11.600000 3.406661272 -1.910539150 31.027965546 0.038955286 0.052957039 0.001178726 0.997835994
11.650000 3.436602116 -1.934992671 31.172834396 0.037152324 0.046681497 0.010091348 0.998167694
11.700000 3.472202539 -1.941545486 31.337842941 0.032881316 0.041515820 0.014715388 0.998488247
11.750000 3.472378969 -1.983889341 31.477384567 0.026033176 0.041443266 0.013269775 0.998713493
11.800000 3.509375811 -2.000195265 31.618595123 0.021464173 0.041846100 0.011668188 0.998825312
11.850000 3.541185856 -1.970426083 31.600013733 0.021395149 0.040422671 0.008250156 0.998919487
11.900000 3.562743902 -1.976524115 31.757738113 0.024331644 0.039025676 0.001909495 0.998940110
11.950000 3.581218958 -1.978805423 31.893102646 0.029937226 0.036418006 -0.003060083 0.998883486
12.000000 3.604993582 -1.982228756 32.048900604 0.034308162 0.035338968 -0.006211622 0.998767018
12.050000 3.627788305 -1.984182239 32.180728912 0.035812818 0.034189265 -0.008892594 0.998733938
12.100000 3.653436422 -1.987559319 32.353836060 0.037010387 0.035771657 -0.010177901 0.998622596
12.150000 3.670975208 -1.989258051 32.471103668 0.036629830 0.042886071 -0.007032292 0.998383522
12.200000 3.694395304 -1.992084980 32.622726440 0.033388872 0.050781649 -0.002601067 0.998148084
12.250000 3.718044996 -2.051395178 32.788185120 0.028958956 0.055664968 -0.001289830 0.998028636
12.300000 3.762578249 -2.039979219 32.960292816 0.026769726 0.058271792 0.001648999 0.997940421
12.350000 3.766992569 -2.042068958 33.135375977 0.026424265 0.060823120 0.001759235 0.997797251
12.400000 3.814223289 -2.043632507 33.289169312 0.029086858 0.057903565 0.002731381 0.997894645
12.450000 3.837534189 -2.097249269 33.443267822 0.031639423 0.051523086 0.004000327 0.998162508
12.500000 3.871246815 -2.119602919 33.568264008 0.037315849 0.044154726 0.005809162 0.998310626
12.550000 3.899142981 -2.133550644 33.702114105 0.040341273 0.035456680 0.004813807 0.998545051
12.600000 3.926534414 -2.153589725 33.826721191 0.036050592 0.029182129 0.000277207 0.998923779
12.650000 3.948660135 -2.170726061 33.929359436 0.028015805 0.027765075 -0.001024526 0.999221265
12.700000 3.976906300 -2.189083099 34.050045013 0.023805013 0.029615173 -0.002242693 0.999275327
12.750000 3.990937471 -2.170834064 34.284919739 0.027743166 0.031162925 -0.002961290 0.999124825
12.800000 4.015449047 -2.175887585 34.422286987 0.037735652 0.032644443 -0.002323860 0.998751700
12.850000 4.035461903 -2.177580357 34.557350159 0.048345163 0.034052055 -0.002959501 0.998245656
12.900000 4.053222179 -2.177338362 34.723361969 0.053386051 0.035488062 -0.006024706 0.997924984
12.950000 4.077340126 -2.176153898 34.883205414 0.057655774 0.038282502 -0.005750618 0.997585714
13.000000 4.094190598 -2.174930096 35.002288818 0.058709547 0.044843800 -0.006113690 0.997248650
13.050000 4.114975929 -2.173022032 35.147441864 0.051882923 0.050831087 -0.004821328 0.997347057
13.100000 4.142303944 -2.172604084 35.323326111 0.041416042 0.054425694 -0.002770057 0.997654676
13.150000 4.171173573 -2.171593189 35.510887146 0.033890925 0.056463670 -0.000923634 0.997828841
13.200000 4.209324360 -2.300845623 35.609226227 0.028156275 0.058809292 -0.002807868 0.997868121
13.250000 4.187319756 -2.281506777 35.786941528 0.029049100 0.060718372 -0.007138784 0.997706652
13.300000 4.211477280 -2.280608892 35.884475708 0.028253058 0.058615383 -0.008960784 0.997840524
13.350000 4.241179466 -2.244763851 36.006484985 0.028805414 0.049707185 -0.003101512 0.998343587
13.400000 4.246616364 -2.286369085 36.106384277 0.023683170 0.038914137 -0.003512379 0.998955727
13.450000 4.272232533 -2.312585354 36.261474609 0.014971627 0.031781092 -0.003263043 0.999377370
13.500000 4.267743587 -2.355492592 36.412864685 0.006448971 0.030778805 -0.002589587 0.999502063
13.550000 4.257329941 -2.288194895 36.633934021 0.005012749 0.032491650 -0.001017316 0.999458909
13.600000 4.185465336 -2.282372475 36.835670471 0.009263936 0.036028065 -0.001168492 0.999307156
13.650000 4.207625389 -2.272837877 36.919273376 0.020205835 0.035947077 -0.000295460 0.999149382
13.700000 4.306661606 -2.284295559 37.140541077 0.032657634 0.035405532 0.000528076 0.998839140
13.750000 4.235244751 -2.226022482 37.332283020 0.043163318 0.041723311 -0.000880418 0.998196065
13.800000 4.214684963 -2.324254990 37.387176514 0.042731974 0.045594811 0.003607417 0.998039126
13.850000 4.270298004 -2.358059406 37.442790985 0.039639462 0.047181435 0.008756719 0.998061121
13.900000 4.278712749 -2.395693541 37.582130432 0.033695642 0.051811073 0.010301965 0.998035133
13.950000 4.306256294 -2.399486065 37.727451324 0.029986547 0.055381328 0.009229831 0.997972250
14.000000 4.323066711 -2.426942587 37.830135345 0.028504526 0.059310723 0.008625160 0.997795224
14.050000 4.366287708 -2.342024565 38.025920868 0.033720456 0.059350066 0.010541144 0.997611821
14.100000 4.346693039 -2.358631611 38.206977844 0.036716856 0.057620920 0.009759709 0.997615397
14.150000 4.361257553 -2.360064268 38.328861237 0.039866399 0.051734105 0.009408038 0.997820497
14.200000 4.404591084 -2.399650812 38.454433441 0.042104173 0.043700434 0.009337773 0.998113394
14.250000 4.417790413 -2.408686399 38.640010834 0.043845646 0.034660928 0.008679872 0.998399138
14.300000 4.469306946 -2.436307192 38.741481781 0.041778449 0.026780825 0.004112994 0.998759449
14.350000 4.488497257 -2.476180077 38.874233246 0.039581105 0.023181401 -0.000673500 0.998947203
14.400000 4.423196793 -2.474237919 39.058891296 0.041167438 0.024209501 -0.003587143 0.998852491
14.450000 4.456031799 -2.486687899 39.195640564 0.043354757 0.021644332 -0.005861720 0.998808086
14.500000 4.449811935 -2.491143703 39.344917297 0.046895955 0.019336365 -0.006212410 0.998693287
14.550000 4.422897816 -2.477936029 39.581497192 0.050129853 0.021882530 -0.007620088 0.998473883
14.600000 4.487062931 -2.490329504 39.724521637 0.049139891 0.026203532 -0.007723247 0.998418272
14.650000 4.500180244 -2.509119272 39.698108673 0.045543090 0.031625807 -0.009195847 0.998419285
14.700000 4.551867962 -2.579773426 39.876735687 0.037662148 0.038500089 -0.006728394 0.998525977
14.750000 4.534282684 -2.560357571 40.089962006 0.028624201 0.048462585 -0.008743773 0.998376489
14.800000 4.455663204 -2.541306257 40.289035797 0.022226822 0.057789020 -0.009630981 0.998034894
14.850000 4.602538586 -2.571691751 40.370487213 0.020576373 0.057783004 -0.009483144 0.998072088
14.900000 4.623616219 -2.568056822 40.499084473 0.025630299 0.059205670 -0.008578811 0.997879863
14.950000 4.668556690 -2.561029196 40.617832184 0.031478133 0.055975586 -0.008362342 0.997900784
15.000000 4.697307110 -2.572849751 40.691867828 0.034651164 0.050019648 -0.004980305 0.998134553
15.050000 4.708868027 -2.553658009 40.915523529 0.040355794 0.045584682 -0.000397943 0.998144925
15.100000 4.757730484 -2.554069281 41.076068878 0.046792589 0.039568502 0.001468790 0.998119533
15.150000 4.808428764 -2.552852154 41.238964081 0.050905794 0.034875173 -0.000293373 0.998094320
15.200000 4.771576881 -2.578660250 41.342597961 0.051212918 0.034334432 -0.003554363 0.998091042
15.250000 4.745867729 -2.593952894 41.495983124 0.049117174 0.033581164 -0.006354675 0.998208106
15.300000 4.794707775 -2.675880671 41.628303528 0.045612719 0.029669600 -0.009005814 0.998477876
15.350000 4.860745907 -2.663588285 41.713474274 0.047001541 0.024156310 -0.016387857 0.998468220
15.400000 4.814422131 -2.699858189 41.877346039 0.048869826 0.023820985 -0.021875104 0.998281419
15.450000 4.793676376 -2.691421032 42.015365601 0.050444607 0.027859448 -0.027921369 0.997947693
15.500000 4.845211983 -2.738873243 42.113792419 0.048332382 0.031103693 -0.032466006 0.997818887
15.550000 4.894346237 -2.785838604 42.229553223 0.043469992 0.038036384 -0.031529848 0.997832358
15.600000 4.792029858 -2.749592543 42.483943939 0.036194865 0.054167483 -0.028336098 0.997473300
15.650000 4.691889286 -2.750099659 42.680221558 0.025333464 0.068944700 -0.024809532 0.996990144
15.700000 4.645213127 -2.743674994 42.885341644 0.017988469 0.079806969 -0.023806516 0.996363640
15.750000 4.583875656 -2.744682312 43.062397003 0.017656799 0.088544637 -0.021494567 0.995683730
15.800000 4.542494297 -2.712609768 43.367015839 0.025698980 0.094726302 -0.023138599 0.994902551
15.850000 4.453786373 -2.685416460 43.582458496 0.037121192 0.097789168 -0.023194226 0.994244099
15.900000 4.360839844 -2.655039549 43.779197693 0.048728857 0.098182298 -0.019155456 0.993790150
15.950000 4.237071037 -2.676131248 43.938858032 0.056308892 0.098503113 -0.014467414 0.993437052
16.000000 4.218915939 -2.694646835 44.127841949 0.060387161 0.092551731 -0.012033344 0.993802190
16.050000 4.155476093 -2.664218426 44.346866608 0.060908962 0.088892177 -0.012450261 0.994099259
16.100000 4.079248905 -2.628145218 44.599472046 0.056955274 0.087088563 -0.013696799 0.994476795
16.150000 3.993134260 -2.609669209 44.705959320 0.048728269 0.087540172 -0.008454504 0.994932532
16.200000 3.999860048 -2.581645727 44.890811920 0.042884741 0.087343566 -0.005868706 0.995237410
16.250000 3.986842871 -2.625649452 45.052673340 0.038193364 0.087759346 -0.006685433 0.995386839
16.300000 4.032065392 -2.630259275 45.129318237 0.038558464 0.088607959 -0.008673596 0.995282233
16.350000 4.086510181 -2.598154545 45.167083740 0.040128697 0.091704220 -0.009964605 0.994927526
16.400000 4.359297752 -2.678791761 44.928241730 0.035329454 0.083869778 -0.013026549 0.995765030
16.450000 4.421203136 -2.694097519 44.996459961 0.032213021 0.089170016 -0.013703333 0.995401025
16.500000 4.461051941 -2.692286730 45.241344452 0.028245032 0.097548425 -0.010040753 0.994779229
16.550000 4.409802914 -2.702956915 45.384559631 0.021019151 0.105982922 -0.005221969 0.994132042
16.600000 4.320851803 -2.679613590 45.568618774 0.018521504 0.117172837 -0.002004129 0.992936790
16.650000 4.309873581 -2.655640841 45.739711761 0.022585368 0.124790668 0.000567281 0.991925836
16.700000 4.182891846 -2.611814737 45.989330292 0.033707127 0.137065679 0.000204283 0.989988267
16.750000 4.218722343 -2.666953802 46.066329956 0.040903632 0.136046112 -0.002569041 0.989854395
16.800000 4.322315216 -2.708304405 46.121696472 0.047403079 0.129107401 -0.002232286 0.990494430
16.850000 4.361147881 -2.784402847 46.176753998 0.050851531 0.125786424 -0.001915102 0.990751386
16.900000 4.463436604 -2.828121662 46.229427338 0.054231029 0.115119934 -0.003872434 0.991862595
16.950000 4.690651894 -2.845372200 46.192447662 0.053434204 0.099660605 0.000156121 0.993585706
17.000000 4.707255363 -2.843318224 46.332378387 0.048943423 0.097102642 0.001199457 0.994069517
17.050000 4.729671001 -2.852707148 46.491645813 0.043155439 0.097373858 0.001250875 0.994311035
17.100000 4.812883377 -2.879242420 46.577651978 0.040675402 0.093747243 -0.000692402 0.994764566
17.150000 4.850980282 -2.903519630 46.705471039 0.040614828 0.091126524 -0.002261680 0.995008171
17.200000 4.906739235 -2.864301682 46.757877350 0.042168111 0.091420151 -0.004038929 0.994911015
17.250000 4.877768993 -2.862736702 46.860073090 0.042125899 0.098799735 -0.005319491 0.994201064
17.300000 4.939179897 -2.931612015 47.253681183 0.039199527 0.103414558 -0.003517336 0.993859410
17.350000 4.996191978 -2.996930599 47.484630585 0.031532340 0.110494182 -0.000233613 0.993376434
17.400000 5.006029606 -2.977325678 47.618637085 0.021364726 0.118929692 0.002910144 0.992668509
17.450000 4.993913651 -2.980971336 47.716735840 0.008915439 0.124341704 0.005519996 0.992184043
17.500000 4.988909721 -3.080602646 47.863456726 0.000258058 0.127927899 0.006227544 0.991763890
17.550000 4.966773987 -3.132586956 48.035877228 0.001861505 0.133109391 0.002659090 0.991096079
17.600000 5.010645866 -3.049909830 48.132946014 0.016535195 0.132240072 0.000139952 0.991079807
17.650000 5.242123127 -3.084932327 48.203300476 0.026207231 0.116025843 -0.000454795 0.992900312
17.700000 5.256150723 -2.959369898 48.268905640 0.041978292 0.110061906 0.002303714 0.993035197
17.750000 5.360137463 -2.965592623 48.349056244 0.048141550 0.099956878 0.004992933 0.993813932
17.800000 5.318777561 -3.023246050 48.501762390 0.045205273 0.096612051 0.004517369 0.994284749
17.850000 5.379254818 -3.025118351 48.701778412 0.038201965 0.088954113 0.004214662 0.995293915
17.900000 5.480834484 -3.048519850 49.037925720 0.030815573 0.080608524 0.010196319 0.996217191
17.950000 5.501236439 -3.044216394 49.203563690 0.028273510 0.075227968 0.008257249 0.996731281
18.000000 5.534881592 -3.047831535 49.323093414 0.030717853 0.066976354 0.006272951 0.997261882
18.050000 5.586102486 -3.046951532 49.454540253 0.035639413 0.060342778 0.001989010 0.997539282
18.100000 5.606163979 -3.031590462 49.571502686 0.039440010 0.062385321 -0.003917927 0.997264862
18.150000 5.691533566 -3.056697130 49.739482880 0.039066367 0.065787047 -0.011528378 0.997002006
18.200000 5.718059540 -3.068877697 49.833168030 0.038988814 0.069001436 -0.012905447 0.996770859
18.250000 5.807483673 -3.101571083 50.091831207 0.037760768 0.070627123 -0.009697645 0.996740639
18.300000 5.850764751 -3.099617004 50.257575989 0.034800198 0.072907127 -0.005608221 0.996715665
18.350000 5.908619881 -3.101882696 50.471279144 0.032942764 0.072322063 -0.003368979 0.996831477
18.400000 5.891626358 -3.151424885 50.662483215 0.032581836 0.075537898 0.000464106 0.996610403
18.450000 5.856254578 -3.172246218 50.849857330 0.037618395 0.080329552 0.000070678 0.996058226
18.500000 5.846253872 -3.166600466 51.014514923 0.045859676 0.080618650 -0.002676775 0.995685875
18.550000 5.932591438 -3.170898199 51.154220581 0.052855108 0.068107985 -0.003503858 0.996270776
18.600000 6.087235928 -3.126499653 51.439861298 0.062951006 0.049647909 -0.003550839 0.996774614
18.650000 6.143616199 -3.122938156 51.596881866 0.067713678 0.034654610 -0.004615417 0.997092128
18.700000 6.167078495 -3.182945967 51.753078461 0.064410679 0.018436145 -0.007139809 0.997727633
18.750000 6.195934296 -3.181032181 51.946975708 0.059410438 0.001424468 -0.010909871 0.998172998
18.800000 6.223220348 -3.191826344 52.134605408 0.052695066 -0.012315256 -0.011217901 0.998471677
18.850000 6.282435417 -3.208594799 52.275547028 0.046492524 -0.026052732 -0.010050007 0.998528302
18.900000 6.242598057 -3.176144123 52.501819611 0.047347106 -0.031591155 -0.011298874 0.998314857
18.950000 6.234469891 -3.220659018 52.630931854 0.047181852 -0.036387220 -0.014842581 0.998112977
19.000000 6.319365025 -3.254772186 52.596611023 0.047706205 -0.046943497 -0.022864275 0.997495711
19.050000 6.335801601 -3.265077591 52.755252838 0.049378004 -0.048702195 -0.031819638 0.997084439
19.100000 6.307343006 -3.287895203 52.949096680 0.044835526 -0.047732096 -0.034140617 0.997269213
19.150000 6.315895081 -3.314529896 53.099861145 0.035718359 -0.048270505 -0.031168232 0.997708738
19.200000 6.349535942 -3.326124907 53.158668518 0.025700536 -0.054105539 -0.030001238 0.997753501
19.250000 6.346382618 -3.352029800 53.147556305 0.018330803 -0.061656095 -0.028072845 0.997534215
19.300000 6.342542648 -3.374433517 53.298675537 0.019407595 -0.066843525 -0.025551045 0.997247458
19.350000 6.317354202 -3.371052980 53.312217712 0.026845962 -0.074043013 -0.023889501 0.996607363
19.400000 6.293101788 -3.382866383 53.351253510 0.034469202 -0.086524703 -0.025672615 0.995322227
19.450000 6.268819332 -3.380539417 53.422485352 0.040644661 -0.103377692 -0.027546881 0.993429542
19.500000 6.236411095 -3.388266087 53.568290710 0.042420439 -0.118835382 -0.032824997 0.991464198
19.550000 6.208846092 -3.406074286 53.635169983 0.041094083 -0.139098391 -0.035804141 0.988777518
19.600000 6.175085068 -3.419987202 53.764942169 0.039461672 -0.159397036 -0.034841437 0.985810041
19.650000 6.139252663 -3.426014662 53.813838959 0.036394909 -0.176819831 -0.032009859 0.983049095
19.700000 6.109560966 -3.435425758 53.936515808 0.032368924 -0.190769941 -0.027908169 0.980703950
19.750000 6.067415237 -3.440823078 53.977806091 0.031155193 -0.202687532 -0.022884531 0.978480160
19.800000 6.029923439 -3.447659016 54.089061737 0.033056200 -0.214648157 -0.020827353 0.975909650
19.850000 6.002354622 -3.445980072 54.143451691 0.037258536 -0.226420477 -0.022454115 0.973057747
19.900000 5.969088554 -3.445952415 54.247993469 0.041550614 -0.233293235 -0.025577966 0.971181571
19.950000 5.933262825 -3.447245121 54.328357697 0.041309558 -0.238677502 -0.031378087 0.969712317
20.000000 5.898538589 -3.455029964 54.425365448 0.034460746 -0.242513359 -0.032087434 0.969004691
20.050000 5.861031532 -3.469167709 54.508300781 0.021779457 -0.245039552 -0.028461887 0.968850434
20.100000 5.823976517 -3.485066652 54.598018646 0.010356628 -0.249700502 -0.023327019 0.967986703
20.150000 5.787074566 -3.493053436 54.687728882 0.005287086 -0.252810746 -0.019530019 0.967304170
20.200000 5.746685505 -3.499438286 54.774906158 0.005733739 -0.253011882 -0.018700017 0.967265427
20.250000 5.708855152 -3.501993179 54.861404419 0.009874234 -0.253833026 -0.019501032 0.967001081
20.300000 5.669472694 -3.505448341 54.945156097 0.014395839 -0.260447413 -0.020723881 0.965158284
20.350000 5.628178596 -3.507644653 55.027008057 0.020936579 -0.270225376 -0.021167411 0.962336719
20.400000 5.584745884 -3.518866539 55.108310699 0.023231884 -0.281321615 -0.019910989 0.959125638
20.450000 5.547794342 -3.534123182 55.184123993 0.019750245 -0.292362124 -0.022963701 0.955827951
20.500000 5.506444454 -3.550387859 55.261585236 0.014261059 -0.299491107 -0.025634896 0.953648031
20.550000 5.464949608 -3.558999062 55.368373871 0.008434900 -0.308009952 -0.027042529 0.950961292
20.600000 5.421753883 -3.558748245 55.464519501 0.006166493 -0.315660119 -0.025985559 0.948496401
20.650000 5.358572006 -3.568709135 55.561443329 0.008368747 -0.320055693 -0.025685608 0.947013497
20.700000 5.300895691 -3.563645840 55.669998169 0.018019525 -0.324676901 -0.025634099 0.945305824
20.750000 5.227628708 -3.570885181 55.762176514 0.027906220 -0.323703796 -0.028019978 0.945331693
20.800000 5.177254677 -3.575284958 55.859790802 0.036149602 -0.321656853 -0.030987315 0.945658445
20.850000 5.125370026 -3.580750942 55.951858521 0.037806582 -0.319907993 -0.030680239 0.946196735
20.900000 5.067945480 -3.596318007 56.038082123 0.031561863 -0.315039933 -0.029783523 0.948085785
20.950000 5.012860298 -3.609497070 56.131439209 0.024536226 -0.308595479 -0.027918424 0.950466931
21.000000 4.957801819 -3.627910137 56.217456818 0.017362867 -0.305426687 -0.026141843 0.951698363
21.050000 4.898032188 -3.634519339 56.309776306 0.013755800 -0.303547353 -0.021902798 0.952465296
21.100000 4.836846352 -3.641053677 56.408802032 0.014263266 -0.301012695 -0.018539246 0.953333199
21.150000 4.757766724 -3.646822453 56.503696442 0.016120978 -0.296482056 -0.015414578 0.954777956
21.200000 4.698757172 -3.644487381 56.595455170 0.018353201 -0.298932433 -0.011219143 0.954031825
21.250000 4.626945019 -3.653689384 56.687423706 0.017501334 -0.304722726 -0.007526182 0.952250600
21.300000 4.558906555 -3.660405159 56.772750854 0.015960213 -0.311393023 -0.003936313 0.950139046
21.350000 4.488855839 -3.674000502 56.861740112 0.013245058 -0.316190034 -0.007066573 0.948577106
21.400000 4.428471088 -3.686704636 56.947383881 0.011478463 -0.320043117 -0.010360710 0.947276831
21.450000 4.368986130 -3.702492952 57.024169922 0.009408511 -0.326608926 -0.014116490 0.945007324
21.500000 4.306644440 -3.718151808 57.103191376 0.005496053 -0.331892163 -0.016508617 0.943156898
21.550000 4.251467705 -3.722585201 57.173431396 0.005642420 -0.335081577 -0.015881272 0.942038357
21.600000 4.196092606 -3.727669239 57.244285583 0.009676780 -0.336064577 -0.017032310 0.941635251
21.650000 4.140665054 -3.728922129 57.319278717 0.016780926 -0.335158646 -0.018779753 0.941825092
21.700000 4.083352089 -3.732115030 57.390178680 0.023892913 -0.331740290 -0.021699108 0.942818463
21.750000 4.030649185 -3.738153934 57.465873718 0.029292341 -0.329374790 -0.026493909 0.943372846
21.800000 3.973939896 -3.744992495 57.536754608 0.030868452 -0.326326102 -0.029875023 0.944280684
21.850000 3.922832489 -3.754855394 57.605422974 0.029260647 -0.322255254 -0.030224485 0.945717633
21.900000 3.869959831 -3.764757633 57.668556213 0.023137204 -0.318606764 -0.029098406 0.947157741
21.950000 3.821156025 -3.773790836 57.726993561 0.014144367 -0.318378776 -0.027122445 0.947469950
22.000000 3.769411564 -3.776779413 57.795280457 0.007658351 -0.318283975 -0.023471648 0.947673917
22.050000 3.719666004 -3.779172897 57.860000610 0.006290354 -0.316062540 -0.017293042 0.948559940
22.100000 3.670732975 -3.779653311 57.925148010 0.010163199 -0.313021630 -0.011069353 0.949627101
22.150000 3.616501808 -3.778253794 57.997108459 0.017410710 -0.310659319 -0.004335638 0.950351954
22.200000 3.567246437 -3.782097340 58.062892914 0.023883026 -0.309415340 0.001962282 0.950625062
22.250000 3.513326168 -3.793929338 58.138549805 0.028152773 -0.310669452 0.005581355 0.950084627
22.300000 3.466896534 -3.816576958 58.204517365 0.027682219 -0.311142147 0.005995164 0.949941278
22.350000 3.420086384 -3.844959259 58.265972137 0.021373181 -0.312068284 0.007219165 0.949791849
22.400000 3.369201183 -3.872493505 58.340675354 0.011260489 -0.311996341 0.007187128 0.949989378
22.450000 3.322395802 -3.899594069 58.408332825 0.001399366 -0.307970822 0.005896117 0.951376557
22.500000 3.264233112 -3.914614916 58.493255615 -0.001811901 -0.301403612 0.001836164 0.953493178
22.550000 3.193327904 -3.882174015 58.588417053 0.003628001 -0.292462409 -0.001987105 0.956268072
22.600000 3.126106739 -3.872535706 58.684215546 0.011444045 -0.279676020 -0.005981320 0.960007608
22.650000 3.081203938 -3.892831326 58.766838074 0.017289698 -0.269333690 -0.008050789 0.962858021
22.700000 3.035869122 -3.901583195 58.843933105 0.018891875 -0.260353565 -0.007601286 0.965298593
22.750000 2.963045597 -3.907083750 58.953277588 0.015282360 -0.250707835 -0.006534741 0.967920125
22.800000 2.910274982 -3.927960396 59.041294098 0.006359075 -0.241592124 -0.007297234 0.970329642
22.850000 2.868798733 -3.914481640 59.139625549 0.000076952 -0.232735574 -0.005935611 0.972521961
22.900000 2.831133127 -3.909722090 59.229095459 -0.002302772 -0.223546073 -0.000196503 0.974690616
22.950000 2.783860922 -3.897513628 59.320938110 0.000899151 -0.215028867 0.007688156 0.976577044
23.000000 2.717942715 -3.888998032 59.441528320 0.008481173 -0.206247419 0.015584899 0.978339016
23.050000 2.663628101 -3.890627384 59.520786285 0.017158151 -0.200677872 0.020923827 0.979283571
23.100000 2.611899853 -3.873085737 59.618122101 0.024584156 -0.197966486 0.025104115 0.979578853
23.150000 2.567670345 -3.878402233 59.740104675 0.025281753 -0.195033684 0.026252968 0.980119109
23.200000 2.511199951 -3.885861874 59.823703766 0.020535130 -0.184732780 0.022015736 0.982327521
23.250000 2.484885216 -3.914142370 59.903320312 0.007994618 -0.173999175 0.014254686 0.984610200
23.300000 2.454441071 -3.920875788 60.010395050 -0.005459055 -0.164821431 0.010006880 0.986257553
23.350000 2.421152115 -3.930593491 60.111621857 -0.014893450 -0.156774521 0.008940085 0.987481654
23.400000 2.394974232 -3.942008972 60.215938568 -0.017841751 -0.148787364 0.010004245 0.988657653
23.450000 2.365923405 -3.942195654 60.337116241 -0.013211930 -0.136002094 0.013114020 0.990533650
23.500000 2.295028925 -3.942487717 60.474998474 -0.004808089 -0.119038977 0.014588767 0.992770731
23.550000 2.279670238 -3.947123289 60.599086761 0.003697463 -0.101549521 0.016100498 0.994693339
23.600000 2.270572186 -3.964945316 60.706371307 0.010687934 -0.081661642 0.015130637 0.996487975
23.650000 2.261996984 -3.983267546 60.838905334 0.013319104 -0.063491948 0.015788002 0.997768581
23.700000 2.242103100 -3.995427132 60.957405090 0.012771178 -0.044584490 0.017375147 0.998772919
23.750000 2.244002342 -4.019607067 61.047840118 0.008695821 -0.030464275 0.017998530 0.999336004
23.800000 2.223016739 -4.048323154 61.178352356 0.002497063 -0.018721243 0.018881943 0.999643326
23.850000 2.209255934 -4.053013325 61.306907654 -0.000653686 -0.007900910 0.020377174 0.999760926
23.900000 2.215006590 -4.034741402 61.437416077 0.002336722 0.000210390 0.022589175 0.999742091
23.950000 2.191110849 -4.040113449 61.573356628 0.008587014 0.007276588 0.023627151 0.999657512
24.000000 2.199804783 -4.029481888 61.690322876 0.017031502 0.010194626 0.022972722 0.999539018
24.050000 2.197299719 -4.033608913 61.800365448 0.023501946 0.010835938 0.021771880 0.999427974
24.100000 2.190443993 -4.039720058 61.926647186 0.026051475 0.008707917 0.022042574 0.999379635
24.150000 2.206750393 -4.036830425 62.031425476 0.022316994 0.005751568 0.019889934 0.999536514
24.200000 2.191313267 -4.060350895 62.131763458 0.012338691 0.007281164 0.016225750 0.999765754
24.250000 2.204609632 -4.072129726 62.247295380 0.001615641 0.006965806 0.015283000 0.999857664
24.300000 2.201933146 -4.076921463 62.357379913 -0.007157692 0.007266831 0.019769907 0.999752522
24.350000 2.213393688 -4.081847191 62.450866699 -0.011160349 0.006619513 0.023002559 0.999651194
24.400000 2.211425304 -4.088224888 62.577552795 -0.008293506 0.005592586 0.023855073 0.999665380
24.450000 2.215025187 -4.081927299 62.677333832 -0.000628762 0.007165196 0.020815989 0.999757469
24.500000 2.227411270 -4.086496353 62.775970459 0.006457209 0.013225324 0.015784252 0.999767125
24.550000 2.234497547 -4.087240219 62.919864655 0.012178189 0.023390790 0.010446757 0.999597669
24.600000 2.278195143 -4.094997406 63.033493042 0.016944094 0.030094184 0.006265640 0.999383867
24.650000 2.281535387 -4.104981899 63.164352417 0.020922441 0.038940705 0.003728752 0.999015510
24.700000 2.301625490 -4.117865562 63.282348633 0.023044663 0.048999414 0.002878607 0.998528779
24.750000 2.316781282 -4.122003078 63.383583069 0.022154115 0.056849271 0.005961132 0.998119175
24.800000 2.319335699 -4.157369137 63.490039825 0.016343243 0.062530495 0.009770355 0.997861385
24.850000 2.330663204 -4.193274021 63.590358734 0.010518583 0.068735950 0.012937724 0.997495592
24.900000 2.328124046 -4.204833508 63.730548859 0.010819303 0.077162765 0.013926674 0.996862531
24.950000 2.356393814 -4.196450233 63.844940186 0.017423704 0.084368266 0.013965446 0.996184468
25.000000 2.360894442 -4.204178810 63.985145569 0.026174260 0.088688515 0.014437088 0.995610774
25.050000 2.398422480 -4.199156761 64.107238770 0.035455726 0.086339630 0.017747650 0.995476484
25.100000 2.405331612 -4.206052780 64.238647461 0.040995084 0.084892988 0.019990187 0.995345712
25.150000 2.411925793 -4.215138912 64.365585327 0.040782679 0.084178597 0.022758417 0.995355606
25.200000 2.421843052 -4.238862038 64.473846436 0.036247887 0.086784527 0.023026915 0.995301127
25.250000 2.451246738 -4.249181271 64.569107056 0.030923232 0.087004095 0.023471244 0.995451212
25.300000 2.470256567 -4.257375240 64.675674438 0.023668107 0.085671283 0.022248145 0.995793819
25.350000 2.488065720 -4.279565811 64.763885498 0.016980249 0.085022427 0.019877434 0.996036053
25.400000 2.508196354 -4.273592472 64.872207642 0.016578520 0.085118443 0.017633278 0.996076882
25.450000 2.514730453 -4.275192738 65.023620605 0.020413717 0.087695733 0.014389868 0.995834172
25.500000 2.519686460 -4.291277885 65.144111633 0.026132204 0.095232792 0.011376061 0.995046973
25.550000 2.513260603 -4.311594486 65.326858521 0.031115642 0.109513953 0.011045496 0.993436754
25.600000 2.557124376 -4.308933258 65.431602478 0.035204686 0.120381385 0.015345699 0.991984606
25.650000 2.585277557 -4.314785480 65.555442810 0.035240196 0.132579044 0.020434063 0.990335047
25.700000 2.616817236 -4.350521564 65.657218933 0.029794220 0.147360638 0.024042686 0.988341630
25.750000 2.655690670 -4.338828087 65.706237793 0.022163782 0.159266844 0.026224727 0.986638308
25.800000 2.681689739 -4.365465164 65.881729126 0.012615826 0.168776035 0.028708501 0.985155463
25.850000 2.714452267 -4.363754749 65.990608215 0.007552505 0.176031172 0.031685412 0.983845532
25.900000 2.752184868 -4.363589764 66.092483521 0.007789246 0.182733387 0.032209273 0.982603908
25.950000 2.797267437 -4.348468304 66.218818665 0.012245161 0.188726753 0.029542979 0.981508791
26.000000 2.830776930 -4.351294994 66.324455261 0.016624006 0.190597728 0.026103232 0.981180310
26.050000 2.870676041 -4.346837044 66.429519653 0.019962486 0.187948823 0.025400655 0.981647372
26.100000 2.896171570 -4.357840061 66.536407471 0.020837225 0.185743049 0.026896792 0.982009113
26.150000 2.927877903 -4.363737583 66.628875732 0.019953327 0.185076296 0.027978297 0.982123137
26.200000 2.956399679 -4.371283054 66.737861633 0.016392443 0.184428424 0.028501470 0.982295811
26.250000 2.973874092 -4.389366150 66.921562195 0.010691081 0.184384435 0.029194279 0.982362390
26.300000 3.011979818 -4.403597832 67.027206421 0.006205451 0.182923332 0.031104555 0.982615471
26.350000 3.055244207 -4.400514126 67.160011292 0.007952766 0.182284221 0.031641938 0.982704461
26.400000 3.097583771 -4.404530048 67.263710022 0.013241485 0.182856411 0.028250465 0.982644439
26.450000 3.145883560 -4.416507721 67.389068604 0.020405894 0.188657358 0.022203704 0.981579840
26.500000 3.192616463 -4.411936283 67.501670837 0.028434718 0.199717894 0.018533280 0.979265392
26.550000 3.238678455 -4.417956352 67.616592407 0.032585409 0.210440025 0.016678954 0.976921201
26.600000 3.265904188 -4.454881191 67.689437866 0.030840321 0.222175151 0.017377483 0.974363983
26.650000 3.319782019 -4.461626053 67.790786743 0.026728196 0.234892458 0.021514328 0.971415639
26.700000 3.370798826 -4.488212585 67.902709961 0.017333891 0.247042879 0.024568075 0.968537986
26.750000 3.431080103 -4.494446278 67.993919373 0.010662165 0.255990535 0.029342124 0.966175079
26.800000 3.491580009 -4.501934528 68.130462646 0.010013417 0.265236288 0.032252539 0.963591874
26.850000 3.560270309 -4.505614758 68.250488281 0.013623762 0.276625425 0.032587957 0.960328460
26.900000 3.624738932 -4.498756409 68.361221313 0.018966045 0.288437307 0.030739784 0.956817269
26.950000 3.690226793 -4.496756554 68.495666504 0.021975107 0.298110723 0.029155677 0.953832865
27.000000 3.772859097 -4.487208366 68.676017761 0.022062346 0.302904427 0.031304851 0.952251136
27.050000 3.847374916 -4.492841721 68.784996033 0.019682409 0.305788130 0.035145037 0.951247156
27.100000 3.923907518 -4.507370949 68.874931335 0.016859271 0.309296042 0.037158336 0.950089991
27.150000 4.003592014 -4.517369270 68.998786926 0.014011920 0.314253032 0.039543591 0.948411882
27.200000 4.082828522 -4.521670341 69.076690674 0.012180973 0.317043304 0.043420255 0.947338283
27.250000 4.157083511 -4.535792351 69.161140442 0.012350207 0.320269108 0.045619935 0.946146905
27.300000 4.236347675 -4.564245224 69.281837463 0.013783914 0.325235158 0.042785101 0.944564283
27.350000 4.333046913 -4.554638863 69.413925171 0.020086702 0.331001908 0.038543463 0.942628622
27.400000 4.419082165 -4.571120262 69.510765076 0.024854910 0.340830415 0.030721556 0.939293921
27.450000 4.506535053 -4.574571609 69.613433838 0.028705226 0.354440689 0.022317477 0.934371293
27.500000 4.591908932 -4.580854416 69.697692871 0.029266456 0.366935402 0.017748440 0.929616511
27.550000 4.684062958 -4.593883514 69.779479980 0.026116684 0.378349543 0.017155930 0.925135255
27.600000 4.777277946 -4.616954327 69.893714905 0.020432157 0.390323430 0.019260503 0.920249522
27.650000 4.875232697 -4.625806332 69.990295410 0.013821185 0.399399698 0.022632986 0.916393280
27.700000 4.960382462 -4.636656761 70.051338196 0.009099646 0.407033265 0.025940528 0.912999570
27.750000 5.070931435 -4.645698547 70.149505615 0.010697722 0.412953168 0.028503047 0.910243273
27.800000 5.179062843 -4.635850906 70.249160767 0.016323198 0.418991596 0.027024819 0.907441080
27.850000 5.289096832 -4.632712364 70.325485229 0.022681756 0.424851298 0.023886751 0.904663682
27.900000 5.390903473 -4.629101276 70.412620544 0.027399099 0.428188384 0.022200670 0.903001189
27.950000 5.500113487 -4.628132820 70.499198914 0.029957289 0.427820325 0.022727299 0.903081298
28.000000 5.611919403 -4.624510765 70.582351685 0.029239094 0.423900872 0.027791999 0.904809833
28.050000 5.725216866 -4.626463413 70.647148132 0.022869330 0.418551177 0.032298282 0.907330573
28.100000 5.821162224 -4.647129059 70.717208862 0.012635286 0.414869279 0.035893630 0.909084976
28.150000 5.917033195 -4.652686596 70.806411743 0.003805048 0.412904769 0.038886316 0.909935772
28.200000 6.030281067 -4.653302670 70.865196228 -0.000393873 0.411279857 0.039772376 0.910640895
28.250000 6.142438889 -4.663171768 70.954444885 0.000403399 0.411257923 0.036140256 0.910802186
28.300000 6.240254402 -4.646242142 70.991294861 0.004757310 0.410311282 0.029356724 0.911460459
28.350000 6.359090805 -4.656992435 71.095680237 0.007308748 0.415912777 0.019196192 0.909172535
28.400000 6.485910416 -4.664889812 71.188018799 0.010704330 0.423181057 0.010200781 0.905924499
28.450000 6.604301453 -4.665903091 71.290275574 0.014373353 0.426020622 0.005234278 0.904584110
28.500000 6.711282730 -4.673147678 71.348976135 0.013983469 0.426906854 0.006861678 0.904161453
28.550000 6.803661346 -4.685003281 71.382232666 0.007443640 0.428960830 0.012889595 0.903200448
28.600000 6.906924248 -4.709549904 71.501174927 -0.002283482 0.432750851 0.017940504 0.901332200
28.650000 7.008643150 -4.717653275 71.623565674 -0.007434601 0.434966862 0.021832170 0.900151074
28.700000 7.104212761 -4.722642422 71.650802612 -0.005977858 0.434949160 0.023900375 0.900117934
28.750000 7.201073647 -4.717953682 71.697219849 0.000343277 0.435845584 0.023051599 0.899726152
28.800000 7.315878868 -4.713576317 71.810966492 0.008679376 0.437282830 0.020216674 0.899054885
28.850000 7.439283371 -4.707898140 71.890930176 0.016954917 0.435440153 0.019743700 0.899841428
28.900000 7.613700867 -4.703708649 72.029449463 0.023661628 0.432864130 0.021611307 0.900889397
28.950000 7.753208160 -4.712768555 72.148216248 0.025016280 0.428397566 0.022900958 0.902953684
29.000000 7.879014015 -4.721732140 72.207153320 0.019829635 0.424002737 0.023047538 0.905150414
29.050000 7.996506691 -4.724681377 72.287681580 0.010626494 0.420505077 0.026059499 0.906853616
29.100000 8.077607155 -4.752954006 72.390457153 -0.000772134 0.419557095 0.030538743 0.907214761
29.150000 8.168035507 -4.743476868 72.426147461 -0.008054787 0.419049978 0.032734796 0.907337129
29.200000 8.280906677 -4.745861053 72.510231018 -0.010617079 0.418061763 0.031059787 0.907825410
29.250000 8.390962601 -4.725774765 72.610107422 -0.006948629 0.417187333 0.025884598 0.908425272
29.300000 8.510522842 -4.730385780 72.669013977 -0.000311363 0.418113261 0.019639224 0.908182502
29.350000 8.645027161 -4.725632668 72.762596130 0.005560387 0.420907021 0.013724327 0.906982899
29.400000 8.801461220 -4.725355148 72.908836365 0.008908854 0.423410624 0.012997685 0.905800879
29.450000 8.936626434 -4.748054504 73.032341003 0.006628029 0.426337004 0.017741598 0.904366136
29.500000 9.073362350 -4.761319160 73.153030396 -0.001632909 0.427736014 0.023950046 0.903584898
29.550000 9.217022896 -4.784877777 73.291748047 -0.009391655 0.426484108 0.028944356 0.903983057
29.600000 9.352007866 -4.777710915 73.415908813 -0.010372257 0.426426530 0.031648882 0.903908849
29.650000 9.539863586 -4.785316944 73.543930054 -0.006682246 0.428091645 0.029039189 0.903243959
29.700000 9.547412872 -4.785915375 73.484489441 0.000475702 0.426720887 0.023279140 0.904083610
29.750000 9.624146461 -4.786778927 73.489105225 0.009952588 0.420785695 0.019435806 0.906897306
29.800000 9.735530853 -4.817069054 73.569328308 0.015098720 0.415497422 0.016050315 0.909327388
29.850000 9.846483231 -4.849542618 73.618492126 0.013865284 0.407539129 0.015371387 0.912953079
29.900000 10.009407997 -4.808898926 73.845291138 0.006822421 0.406083643 0.015766608 0.913674414
29.950000 10.135126114 -4.812790871 73.916183472 -0.002728021 0.403976351 0.019160373 0.914564729
30.000000 10.261987686 -4.813303947 73.998382568 -0.008489430 0.402124435 0.026527053 0.915161312
30.050000 10.383700371 -4.830475807 74.142654419 -0.009881221 0.403009206 0.031589590 0.914597213
30.100000 10.524115562 -4.832630157 74.256187439 -0.004412290 0.402826041 0.032585688 0.914685667
30.150000 10.637218475 -4.839413166 74.374069214 0.004627657 0.405507356 0.028500194 0.913635671
30.200000 10.768617630 -4.834628582 74.480407715 0.015169788 0.411530972 0.023610571 0.910963655
30.250000 10.896842957 -4.837449074 74.574035645 0.023641838 0.418180883 0.018183425 0.907873988
30.300000 11.001367569 -4.849582672 74.631797791 0.028086765 0.421147525 0.017419618 0.906389773
30.350000 11.123632431 -4.871939182 74.751014709 0.024922192 0.426960260 0.019430049 0.903718054
30.400000 11.243918419 -4.880470753 74.845832825 0.016295139 0.433115840 0.022002203 0.900922298
30.450000 11.361258507 -4.881592751 74.895034790 0.009050637 0.435118496 0.024647361 0.899990261
30.500000 11.484474182 -4.899131775 75.002815247 0.006949574 0.437549233 0.025310388 0.898811281
30.550000 11.611303329 -4.895778656 75.084144592 0.010772874 0.440035164 0.023656832 0.897604287
30.600000 11.744971275 -4.879601002 75.178009033 0.016635764 0.441493869 0.019241644 0.896903634
30.650000 11.875785828 -4.877678871 75.303970337 0.021204824 0.439360231 0.016115027 0.897916079
30.700000 12.004251480 -4.879068375 75.407150269 0.023783591 0.434600145 0.015540233 0.900175273
30.750000 12.131883621 -4.883354187 75.505638123 0.022078602 0.428705841 0.017157430 0.903011322
30.800000 12.248239517 -4.882486820 75.574432373 0.013418389 0.425709426 0.019239720 0.904555917
30.850000 12.371605873 -4.897766590 75.667358398 0.001057450 0.425353616 0.023026863 0.904733658
30.900000 12.496225357 -4.904410839 75.756362915 -0.007125418 0.424806356 0.028677583 0.904801846
30.950000 12.631470680 -4.910676956 75.884712219 -0.009505405 0.423675984 0.032460120 0.905182183
31.000000 12.753064156 -4.900661469 75.975975037 -0.005467154 0.421948850 0.032737490 0.906011939
31.050000 12.889732361 -4.894847870 76.102966309 0.001677777 0.422614276 0.027878907 0.905879200
31.100000 13.027845383 -4.893667698 76.211868286 0.006519097 0.428999543 0.017735863 0.903107047
31.150000 13.161115646 -4.889628887 76.334663391 0.009443978 0.434451848 0.012124708 0.900563955
31.200000 13.291942596 -4.880273342 76.401763916 0.009495932 0.434827775 0.014659714 0.900344253
31.250000 13.421957970 -4.897019386 76.494987488 0.007323404 0.435764462 0.022164643 0.899758041
31.300000 13.563860893 -4.914361000 76.613121033 0.003528067 0.437833250 0.028725164 0.898590267
31.350000 13.691759109 -4.923802376 76.702430725 0.001496352 0.439417452 0.032927524 0.897678018
31.400000 13.834766388 -4.935077190 76.790237427 0.002789494 0.442044199 0.032283168 0.896407783
31.450000 13.954504013 -4.931044102 76.869651794 0.009851241 0.444664419 0.028005045 0.895205140
31.500000 14.060972214 -4.939690590 76.970382690 0.017779000 0.445514262 0.022130102 0.894824684
31.550000 14.211137772 -4.929743767 77.076675415 0.024178041 0.441647321 0.017611092 0.896690011
31.600000 14.361110687 -4.928617001 77.165458679 0.030774528 0.436463147 0.017560607 0.899024248
31.650000 14.499164581 -4.943936348 77.261543274 0.031372659 0.431932926 0.016416950 0.901210427
31.700000 14.632815361 -4.954980373 77.344459534 0.024847034 0.431140214 0.015490835 0.901809752
31.750000 14.769533157 -4.966367722 77.453437805 0.014129243 0.431924045 0.018420408 0.901611149
31.800000 14.933881760 -4.981103420 77.629753113 0.003952708 0.434221685 0.020001557 0.900575280
31.850000 15.068685532 -4.986808300 77.726501465 0.000622229 0.431753635 0.019113140 0.901788831
31.900000 15.199417114 -4.971722126 77.812286377 0.005197572 0.427275598 0.014720257 0.903986633
31.950000 15.332338333 -4.973846912 77.922256470 0.011765733 0.427121460 0.007074454 0.904090047
32.000000 15.464132309 -4.973872185 78.020309448 0.015859539 0.429750800 -0.001695984 0.902806640
32.050000 15.605635643 -4.979330540 78.121749878 0.014652211 0.432341456 -0.004921323 0.901577473
32.100000 15.739514351 -4.986545086 78.202880859 0.008284707 0.436025232 0.002009335 0.899894059
32.150000 15.877458572 -4.993867397 78.302215576 -0.003418661 0.439660579 0.011658537 0.898081899
32.200000 16.031801224 -5.014992714 78.448051453 -0.014633966 0.441390485 0.018499283 0.897005081
32.250000 16.193820953 -5.009755135 78.545364380 -0.019809086 0.440094620 0.022561673 0.897449374
32.300000 16.339963913 -5.008978844 78.647201538 -0.018883128 0.438984722 0.023683237 0.897983849
32.350000 16.507377625 -4.980412006 78.748153687 -0.011254021 0.437367499 0.024124146 0.898888767
32.400000 16.612295151 -4.976673603 78.847503662 -0.000902372 0.434943914 0.025524652 0.900095284
32.450000 16.739427567 -4.981460571 78.950248718 0.009542236 0.432313204 0.028472554 0.901223361
32.500000 16.894227982 -4.986396313 79.031768799 0.016005320 0.425425470 0.031577796 0.904300749
32.550000 17.023284912 -5.007796288 79.136672974 0.012347159 0.421208531 0.031159287 0.906344295
32.600000 17.157299042 -5.038618088 79.271362305 0.006098942 0.420215696 0.033048093 0.906801760
32.650000 17.290029526 -5.056982994 79.372215271 0.001841450 0.421727389 0.034640297 0.906058848
32.700000 17.434936523 -5.063681126 79.467834473 0.001670664 0.422573149 0.032830458 0.905732453
32.750000 17.571575165 -5.081539631 79.574943542 0.004981415 0.422200263 0.026450185 0.906102955
32.800000 17.735357285 -5.071789265 79.653945923 0.010915918 0.420710981 0.016994955 0.906969845
32.850000 17.865190506 -5.079381943 79.759712219 0.014976307 0.423707545 0.007213520 0.905646503
32.900000 18.019834518 -5.082554817 79.856147766 0.019340539 0.425747842 0.003050284 0.904630005
32.950000 18.159631729 -5.095828533 79.952590942 0.022882132 0.427996129 0.003778409 0.903482974
33.000000 18.310729980 -5.107371330 80.034271240 0.023566475 0.431122363 0.008034720 0.901949883
33.050000 18.439535141 -5.119850636 80.126907349 0.016531613 0.435593516 0.014989057 0.899866879
33.100000 18.592218399 -5.133788109 80.216468811 0.005721809 0.437949181 0.025506053 0.898619652
33.150000 18.753702164 -5.138343811 80.307983398 -0.003442789 0.439278334 0.035383154 0.897647381
33.200000 18.922101974 -5.126672745 80.422454834 -0.006931097 0.440627903 0.041420855 0.896706939
33.250000 19.034393311 -5.119899750 80.509643555 -0.004798158 0.439476371 0.043176774 0.897203028
33.300000 19.134338379 -5.111172676 80.573211670 0.003393932 0.433494270 0.042660777 0.900139630
33.350000 19.240421295 -5.103906155 80.637321472 0.011597829 0.424794853 0.042824421 0.904201806
33.400000 19.345590591 -5.105381012 80.707839966 0.009562545 0.417557061 0.044675004 0.907501400
33.450000 19.482629776 -5.121346474 80.805007935 0.000350745 0.414462686 0.050089214 0.908686757
33.500000 19.574537277 -5.131956100 80.887550354 -0.007359282 0.414657146 0.050946385 0.908520639
33.550000 19.721725464 -5.148164272 80.977035522 -0.011456824 0.414365709 0.046722826 0.908838153
33.600000 19.834041595 -5.153122902 81.074783325 -0.010075152 0.413522631 0.037646618 0.909659445
33.650000 19.980112076 -5.137308121 81.172973633 -0.002866104 0.413962901 0.024877105 0.909949243
33.700000 20.121891022 -5.150557518 81.257102966 0.008345144 0.418766826 0.013575571 0.907953978
33.750000 20.281240463 -5.143504620 81.350585938 0.021586325 0.426102102 0.002497637 0.904414058
33.800000 20.419910431 -5.160997868 81.442146301 0.035381749 0.431464285 -0.002234693 0.901433170
33.850000 20.544374466 -5.176345825 81.524406433 0.045701642 0.434573114 -0.001131761 0.899475574
33.900000 20.676067352 -5.190104485 81.606071472 0.048632640 0.437736630 0.002207886 0.897784293
33.950000 20.828508377 -5.210280418 81.688659668 0.046147492 0.439002723 0.006584167 0.897275686
34.000000 20.947700500 -5.230290890 81.818222046 0.042103019 0.442104876 0.010673976 0.895911098
34.050000 21.052299500 -5.234661102 81.921447754 0.039885852 0.445157021 0.011661840 0.894487798
34.100000 21.193235397 -5.229136944 82.025871277 0.041315168 0.444550514 0.010383178 0.894740283
34.150000 21.335165024 -5.208761692 82.123229980 0.045177404 0.441095173 0.010015838 0.896266580
34.200000 21.459577560 -5.199545860 82.221870422 0.048099346 0.434879571 0.011292554 0.899132192
34.250000 21.608125687 -5.204502106 82.323989868 0.049652971 0.425481200 0.013911538 0.903497040
34.300000 21.731874466 -5.215775967 82.430000305 0.044266120 0.420707107 0.015328417 0.905986249
34.350000 21.878448486 -5.227662086 82.551513672 0.036953423 0.418547094 0.019072546 0.907242596
34.400000 22.007780075 -5.241363525 82.654449463 0.031497922 0.416932046 0.023706259 0.908082366
34.450000 22.139877319 -5.232918739 82.762321472 0.030447489 0.416121453 0.022852993 0.908511817
34.500000 22.278182983 -5.238639832 82.878532410 0.033257253 0.415687919 0.019083049 0.908698738
34.550000 22.437343597 -5.231428623 83.000267029 0.038446911 0.416263402 0.011683154 0.908355772
34.600000 22.572486877 -5.230931759 83.135437012 0.040571973 0.421682298 0.003662899 0.905828118
34.650000 22.735466003 -5.226081371 83.233436584 0.041063029 0.424113274 0.002122103 0.904675245
34.700000 22.881355286 -5.215481758 83.319221497 0.038886972 0.426111013 0.003592719 0.903827608
34.750000 23.015111923 -5.229477882 83.422363281 0.032175738 0.429954827 0.007310999 0.902247250
34.800000 23.162633896 -5.248489380 83.520904541 0.024298947 0.432101101 0.011383713 0.901425898
34.850000 23.304512024 -5.259114265 83.649215698 0.019640666 0.434030801 0.014831280 0.900561810
34.900000 23.424921036 -5.262929916 83.745483398 0.020994330 0.437407821 0.015905395 0.898877501
34.950000 23.552526474 -5.253720284 83.833747864 0.027124699 0.440859854 0.013314547 0.897067249
35.000000 23.746017456 -5.257389545 83.932502747 0.035403766 0.440137714 0.010188032 0.897174239
35.050000 23.861869812 -5.263283253 84.008529663 0.043185309 0.437371701 0.010637053 0.898180366
35.100000 23.999538422 -5.272603989 84.095726013 0.049780477 0.433737785 0.011862906 0.899584770
35.150000 24.152120590 -5.294476986 84.193954468 0.049750343 0.427075863 0.011478473 0.902773142
35.200000 24.280937195 -5.313332558 84.325836182 0.043744128 0.422909051 0.008289711 0.905077696
35.250000 24.411397934 -5.319966793 84.431213379 0.035270702 0.420216173 0.008750590 0.906696081
35.300000 24.513366699 -5.341146469 84.497589111 0.026074991 0.418293953 0.011358497 0.907866359
35.350000 24.649175644 -5.342808723 84.614570618 0.022563968 0.416344225 0.012158345 0.908845723
35.400000 24.790323257 -5.335238457 84.775726318 0.024727020 0.414088666 0.009386502 0.909852207
35.450000 24.922916412 -5.326527119 84.859451294 0.028565211 0.413754791 0.004227420 0.909930289
35.500000 25.074714661 -5.319993973 84.944740295 0.029619602 0.416092396 -0.002656820 0.908835948
35.550000 25.200675964 -5.328254223 85.069366455 0.027882276 0.418871939 -0.008575727 0.907576621
35.600000 25.369171143 -5.340644360 85.206939697 0.024001045 0.422083378 -0.006585300 0.906215370
35.650000 25.508386612 -5.357376575 85.323997498 0.016613578 0.426136076 -0.001396028 0.904505491
35.700000 25.651889801 -5.373235703 85.410858154 0.010001939 0.428128153 0.004463986 0.903651655
35.750000 25.817935944 -5.379967690 85.524856567 0.009967525 0.430004895 0.007128067 0.902743399
35.800000 25.973749161 -5.384523869 85.632736206 0.017906267 0.432219803 0.003768192 0.901582599
35.850000 26.141017914 -5.382458687 85.745193481 0.030156421 0.433086127 -0.001768873 0.900846183
35.900000 26.293977737 -5.369215965 85.859107971 0.041023478 0.431603074 -0.008806262 0.901087284
35.950000 26.455772400 -5.376572609 86.005638123 0.048332185 0.427014142 -0.012722716 0.902862728
36.000000 26.598762512 -5.382964134 86.106254578 0.054127306 0.417429268 -0.010714511 0.907032669
36.050000 26.751966476 -5.397845268 86.229858398 0.053811282 0.409277976 -0.007222710 0.910792887
36.100000 26.920598984 -5.403807163 86.339599609 0.050680794 0.404068798 -0.000926741 0.913323104
36.150000 27.030166626 -5.422609806 86.416152954 0.045328379 0.402424186 0.004366769 0.914319992
36.200000 27.177394867 -5.434382439 86.536201477 0.041707106 0.403510153 0.005920427 0.914004922
36.250000 27.318649292 -5.438212395 86.648437500 0.041027654 0.404127657 0.003438663 0.913775563
36.300000 27.421943665 -5.432174683 86.758102417 0.043525483 0.406093627 -0.002501678 0.912790895
36.350000 27.557216644 -5.436633110 86.861953735 0.045852154 0.409370631 -0.009026135 0.911170542
36.400000 27.706413269 -5.428899765 86.970489502 0.047430713 0.413553983 -0.016273921 0.909097672
36.450000 27.869951248 -5.443795204 87.076660156 0.046265304 0.417931944 -0.020314097 0.907072127
36.500000 27.903373718 -5.475049973 87.087280273 0.035965309 0.424573004 -0.018852746 0.904482663
36.550000 28.037605286 -5.461599350 87.159835815 0.022811310 0.428787887 -0.013491869 0.903016388
36.600000 28.180057526 -5.460697174 87.347061157 0.010918155 0.431348652 -0.006073541 0.902098775
36.650000 28.313915253 -5.455824852 87.421394348 0.005779465 0.428507388 0.000443032 0.903519690
36.700000 28.443885803 -5.445530891 87.548042297 0.009236467 0.428308249 0.002702818 0.903581440
36.750000 28.581974030 -5.460979939 87.674758911 0.017908907 0.428161323 0.001922127 0.903522849
36.800000 28.732826233 -5.449959278 87.771186829 0.030610003 0.425865740 0.001545920 0.904267132
36.850000 28.869522095 -5.450799465 87.853240967 0.039967328 0.420071810 0.002122564 0.906607866
36.900000 29.024118423 -5.460259438 87.965103149 0.038919277 0.414348632 0.000717195 0.909285486
36.950000 29.162296295 -5.469449997 88.057220459 0.029682120 0.409900129 0.001680638 0.911645770
37.000000 29.278982162 -5.487842083 88.185134888 0.016520392 0.408467412 0.004837268 0.912610590
37.050000 29.409402847 -5.496761799 88.286010742 0.007052207 0.408143342 0.009480166 0.912841439
37.100000 29.509494781 -5.408376217 88.737518311 0.006201860 0.414855659 0.011218857 0.909796953
37.150000 29.648063660 -5.403672218 88.836570740 0.009632862 0.417099833 0.010693428 0.908746719
37.200000 29.782604218 -5.410425663 88.915390015 0.014136286 0.422332078 0.005461989 0.906314492
37.250000 29.919624329 -5.405516148 88.982376099 0.018330939 0.429262012 -0.000401987 0.902993858
37.300000 30.147941589 -5.475315571 88.847457886 0.018297177 0.432347327 -0.000723451 0.901521206
37.350000 30.287624359 -5.490869999 88.948089600 0.015870504 0.440692276 0.004809637 0.897505045
37.400000 30.416004181 -5.510650635 89.052162170 0.009725687 0.449782848 0.011557211 0.893010199
37.450000 30.556303024 -5.527180672 89.138008118 0.003320620 0.454629153 0.016823856 0.890515745
37.500000 30.675861359 -5.541009903 89.254440308 0.002321172 0.458847106 0.021425815 0.888253868
37.550000 30.812547684 -5.531465054 89.330810547 0.009140216 0.463975251 0.024009090 0.885475576
37.600000 30.971210480 -5.533316612 89.446334839 0.019548669 0.470524848 0.022279477 0.881888807
37.650000 31.207294464 -5.498691559 89.298706055 0.032788336 0.470001698 0.020785026 0.881811380
37.700000 31.233112335 -5.555312634 89.530807495 0.039977651 0.472943932 0.019199746 0.879975677
37.750000 31.357591629 -5.564880371 89.550216675 0.043641541 0.471373677 0.018472241 0.880659461
37.800000 31.438629150 -5.589571476 89.565444946 0.041079842 0.470692724 0.019523168 0.881124079
37.850000 31.573905945 -5.615945816 89.611099243 0.033843581 0.471163005 0.023483524 0.881083727
37.900000 31.624767303 -5.619019032 89.651046753 0.024348196 0.473986238 0.028752463 0.879725814
37.950000 31.717548370 -5.638202190 89.659759521 0.017620839 0.474021047 0.031694349 0.879766524
38.000000 31.861780167 -5.661280632 89.707046509 0.018175028 0.473101258 0.030066499 0.880307317
38.050000 31.991926193 -5.649676323 89.725906372 0.025973173 0.472862244 0.023312708 0.880444884
38.100000 32.154167175 -5.656819820 89.737121582 0.035087910 0.475896418 0.014047506 0.878688872
38.150000 32.296031952 -5.667365074 89.757888794 0.042939506 0.483142078 0.009252896 0.874439418
38.200000 32.414585114 -5.634053230 89.936355591 0.048860081 0.493408769 0.008779918 0.868379772
38.250000 32.539279938 -5.620352745 90.006301880 0.049919032 0.500550449 0.011408167 0.864191651
38.300000 32.681453705 -5.614410400 90.144012451 0.048397131 0.508912325 0.016275002 0.859302759
38.350000 32.811729431 -5.595864296 90.256813049 0.043062653 0.515876532 0.020773271 0.855327785
38.400000 32.915557861 -5.652717113 90.355606079 0.036388353 0.519364417 0.026048671 0.853380322
38.450000 33.036674500 -5.672146797 90.535125732 0.035863493 0.524864137 0.028283555 0.849959731
38.500000 33.137405396 -5.648882389 90.570472717 0.041303940 0.530623376 0.024867600 0.846235514
38.550000 33.278038025 -5.622337341 90.673782349 0.050678369 0.537012339 0.017619545 0.841866314
38.600000 33.416759491 -5.631021023 90.685775757 0.061517756 0.537986219 0.011003238 0.840633869
38.650000 33.535747528 -5.602794647 90.728927612 0.071345530 0.536772072 0.003438715 0.840698361
38.700000 33.641910553 -5.601411343 90.765991211 0.078470133 0.534731805 -0.002762269 0.841365993
38.750000 33.700714111 -5.619422436 90.914566040 0.080779038 0.537933469 -0.007107248 0.839077890
38.800000 33.844413757 -5.640547752 90.924438477 0.077967368 0.542400002 -0.006562062 0.836468935
38.850000 33.929733276 -5.650432110 91.154907227 0.068301380 0.552637756 -0.001753556 0.830616236
38.900000 34.042304993 -5.650981903 91.214042664 0.055678826 0.561575949 0.004875631 0.825535297
38.950000 34.137001038 -5.646416664 91.262443542 0.044127975 0.572151840 0.007137681 0.818928599
39.000000 34.225578308 -5.635314941 91.302520752 0.038690299 0.585591257 0.004677132 0.809669197
39.050000 34.323898315 -5.657552719 91.430206299 0.039535802 0.605714440 -0.000045898 0.794699311
39.100000 34.360881805 -5.664573669 91.457214355 0.043715816 0.631224871 -0.004793691 0.774352133
39.150000 34.534912109 -5.627621651 91.480850220 0.049742490 0.660678446 -0.007384249 0.748982847
39.200000 34.731700897 -5.601849556 91.542434692 0.055572297 0.693055272 -0.003069387 0.718732715
39.250000 34.698009491 -5.617828369 91.541458130 0.056123115 0.725432694 0.005528144 0.685978889
39.300000 34.703430176 -5.635496140 91.551391602 0.053641036 0.754437089 0.017798789 0.653934658
39.350000 34.707260132 -5.638214111 91.557685852 0.046807285 0.779079378 0.030637147 0.624424398
39.400000 34.751640320 -5.639790058 91.536773682 0.040149454 0.799281061 0.041981190 0.598143280
39.450000 34.828712463 -5.640312195 91.518684387 0.035697885 0.818162262 0.048593666 0.571817160
39.500000 34.847442627 -5.636360645 91.499603271 0.034187920 0.839000106 0.051717278 0.540587842
39.550000 34.877708435 -5.636259079 91.485328674 0.036201399 0.861003041 0.051666200 0.504672050
39.600000 34.923751831 -5.636826992 91.453750610 0.039310273 0.880195379 0.052316539 0.470078498
39.650000 34.935424805 -5.628108025 91.436668396 0.040202852 0.896207333 0.055560362 0.438302636
39.700000 34.923652649 -5.606228828 91.430633545 0.037316345 0.911009014 0.056231927 0.406826884
39.750000 34.926338196 -5.606357574 91.427612305 0.033679761 0.924973607 0.052097049 0.374933988
39.800000 34.922859192 -5.605273247 91.430763245 0.029196411 0.939263344 0.043695554 0.339149863
39.850000 34.935249329 -5.599358559 91.420135498 0.025400233 0.953686476 0.033635736 0.297834843
39.900000 34.936408997 -5.599504948 91.418220520 0.021404482 0.967387080 0.022213919 0.251417488
39.950000 35.020057678 -5.590011120 91.400451660 0.018802200 0.979423344 0.010301792 0.200674668
40.000000 35.022308350 -5.581734657 91.373695374 0.014833719 0.989047229 -0.000885233 0.146849439
40.050000 35.022979736 -5.581461906 91.372528076 0.010966228 0.995772302 -0.006578839 0.090961538
40.100000 35.022857666 -5.581294060 91.370918274 0.010095430 0.999319196 -0.007267433 0.034733146
40.150000 35.023597717 -5.580402374 91.371437073 -0.010044683 -0.999713600 0.006890276 0.020602677
40.200000 35.023040771 -5.581561565 91.372596741 -0.008246085 -0.997382700 0.005733331 0.071602300
40.250000 35.023647308 -5.582401752 91.374664307 -0.003334451 -0.992684960 0.004892237 0.120588437
40.300000 35.026603699 -5.584504128 91.378952026 0.007159914 -0.985618114 0.001698930 0.168828025
40.350000 35.026649475 -5.585578442 91.382179260 0.012505199 -0.976514935 -0.000501066 0.215085939
40.400000 35.029045105 -5.588626862 91.388870239 0.019422308 -0.965817690 -0.002114719 0.258484960
40.450000 35.033550262 -5.584811687 91.407501221 0.025786720 -0.954258323 -0.000849274 0.297868103
42.650000 34.913345337 -5.735930443 92.013641357 0.027067387 0.370765686 -0.012945684 0.928241670
42.750000 35.041740417 -5.723511219 91.998977661 0.017359801 0.393124461 -0.009772595 0.919269443
42.800000 34.206016541 -5.221872807 92.759696960 0.018260697 0.418936789 -0.007691554 0.907799184
42.850000 33.659797668 -4.906062603 93.611740112 0.016608877 0.442451745 -0.000464864 0.896638393
42.900000 34.773235321 -5.508823395 92.625427246 -0.004245298 0.427442610 0.004735955 0.904020131
42.950000 35.131530762 -5.747532368 92.373321533 -0.017203122 0.426490217 0.007397318 0.904298365
43.000000 35.286090851 -5.636044979 92.212547302 -0.015786353 0.425661445 0.009667514 0.904693186
43.050000 35.385696411 -5.602425098 92.323448181 -0.015446519 0.429801911 0.007609198 0.902759016
43.100000 35.467975616 -5.568072319 92.399543762 -0.015300993 0.432534426 0.007272698 0.901458263
43.150000 35.501686096 -5.581886292 92.419158936 -0.016272845 0.433972418 0.008905759 0.900735199
43.200000 35.616355896 -5.568492413 92.453826904 -0.015934575 0.432003558 0.012162684 0.901649117
43.250000 35.740081787 -5.560971737 92.536476135 -0.018055685 0.429682374 0.016751258 0.902644157
43.300000 35.822731018 -5.560743332 92.604766846 -0.024494367 0.424329221 0.022394538 0.904899597
43.350000 35.918083191 -5.566085815 92.681419373 -0.035452880 0.418194264 0.026292423 0.907284677
43.400000 36.094123840 -5.573065281 92.908500671 -0.045755208 0.410275459 0.031504706 0.910268068
43.450000 36.259208679 -5.586776733 93.025588989 -0.053794418 0.400414884 0.035798322 0.914052844
43.500000 36.402301788 -5.628409863 93.150146484 -0.057966836 0.393321514 0.038294453 0.916772425
43.550000 36.579727173 -5.599387169 93.250831604 -0.054934297 0.388674587 0.037433390 0.918973923
43.600000 36.691699982 -5.626867771 93.347206116 -0.049514964 0.388314009 0.035196915 0.919522524
43.650000 36.777168274 -5.605141640 93.511848450 -0.042320129 0.392947316 0.032386698 0.918015599
43.700000 36.956939697 -5.595730782 93.618759155 -0.033875205 0.398001283 0.030358376 0.916256428
43.750000 37.049362183 -5.610383034 93.738189697 -0.031198459 0.404491782 0.025003301 0.913667321
43.800000 37.116306305 -5.652271271 93.776374817 -0.032922134 0.413218617 0.025047088 0.909691811
43.850000 37.270034790 -5.669706345 93.845809937 -0.032844413 0.419217765 0.029073229 0.906825483
43.900000 37.382125854 -5.694340706 93.930862427 -0.032420404 0.423382431 0.034101956 0.904728353
43.950000 37.585487366 -5.682531357 94.022705078 -0.028279109 0.424592942 0.037214987 0.904177070
44.000000 37.730842590 -5.682672501 94.102096558 -0.020887574 0.427211732 0.038374834 0.903095365
44.050000 37.870491028 -5.668452263 94.145507812 -0.011864227 0.429184169 0.035091981 0.902457058
44.100000 38.028991699 -5.673283577 94.334457397 -0.001958044 0.431454390 0.028381474 0.901686072
44.150000 38.213363647 -5.643625259 94.420654297 0.009121494 0.426447541 0.025014691 0.904120386
44.200000 38.356731415 -5.685474396 94.459350586 0.012091568 0.417526990 0.022795061 0.908298075
44.250000 38.493713379 -5.713277340 94.561904907 0.007269300 0.408789545 0.021896260 0.912337005
44.300000 38.659751892 -5.716592312 94.780189514 -0.002132402 0.403584599 0.020544929 0.914709151
44.350000 38.797554016 -5.718008518 94.876327515 -0.011721388 0.398134589 0.021250485 0.917005956
44.400000 38.954788208 -5.718677044 94.996315002 -0.018309455 0.394312859 0.023032803 0.918505132
44.450000 39.111289978 -5.722579002 95.141220093 -0.021075655 0.393879741 0.021613332 0.918666124
44.500000 39.265266418 -5.716338634 95.258865356 -0.017299285 0.393978924 0.017732944 0.918785572
44.550000 39.444076538 -5.746648788 95.437797546 -0.010774832 0.396480739 0.010193486 0.917923272
44.600000 39.581466675 -5.718086720 95.531585693 -0.002788269 0.400868684 0.001813119 0.916129470
44.650000 39.734294891 -5.717636585 95.542320251 0.000062047 0.402464449 -0.000404396 0.915435553
44.700000 39.845127106 -5.743619919 95.675247192 -0.005525759 0.406546682 0.004620966 0.913601637
44.750000 40.009677887 -5.751124382 95.794799805 -0.014994640 0.406092912 0.012830051 0.913618684
44.800000 40.199169159 -5.778173447 95.935554504 -0.024078662 0.405007422 0.017169751 0.913835049
44.850000 40.258201599 -5.793148994 96.063423157 -0.024435762 0.408297956 0.016875857 0.912365556
44.900000 40.441696167 -5.790492058 96.148788452 -0.015185495 0.411232233 0.013432041 0.911305130
44.950000 40.615859985 -5.771750450 96.245193481 -0.002765490 0.415704697 0.006921837 0.909469128
45.000000 40.780429840 -5.745965481 96.342651367 0.009128751 0.417332530 0.003499230 0.908701241
45.050000 40.941757202 -5.746461391 96.466346741 0.015186252 0.418566883 0.005663460 0.908041358
45.100000 41.117164612 -5.777270794 96.572166443 0.014774581 0.416448265 0.012932493 0.908947349
45.150000 41.268157959 -5.785342216 96.703636169 0.006550098 0.414909691 0.019860983 0.909622252
45.200000 41.426422119 -5.810741425 96.834449768 -0.007738419 0.414680332 0.022358596 0.909659505
45.250000 41.617115021 -5.829488277 96.882392883 -0.017571662 0.410930932 0.024047211 0.911179900
45.300000 41.736602783 -5.817370892 97.075592041 -0.018862285 0.410162866 0.019652259 0.911605418
45.350000 42.158576965 -5.789142609 98.374832153 -0.011522315 0.425820768 0.011285448 0.904663801
45.400000 42.334243774 -5.769049644 98.366134644 0.002087912 0.423158795 0.001390324 0.906052113
45.450000 42.500335693 -5.780730724 98.441436768 0.013063106 0.425439179 -0.010495490 0.904831886
45.500000 42.674522400 -5.781884670 98.593215942 0.020800140 0.429411411 -0.021513991 0.902613103
45.550000 42.844863892 -5.796474457 98.671081543 0.025089744 0.432628989 -0.026766168 0.900825322
45.600000 43.010246277 -5.837870598 98.831008911 0.024997365 0.438797563 -0.021647206 0.897977352
45.650000 43.192626953 -5.871646881 98.935775757 0.022008685 0.442064732 -0.010739164 0.896648824
45.700000 43.352249146 -5.886171341 99.110214233 0.019588992 0.444221884 -0.000262600 0.895702600
45.750000 43.533348083 -5.881284237 99.166809082 0.019852236 0.442367762 0.007171555 0.896585345
45.800000 43.696800232 -5.881655216 99.296623230 0.023384904 0.441604346 0.010101486 0.896848202
45.850000 43.859077454 -5.908324718 99.353103638 0.028633693 0.436993510 0.011123467 0.898940027
45.900000 43.634223938 -5.946533203 98.820587158 0.031713463 0.426799804 0.012230095 0.903707147
45.950000 43.803211212 -5.933747292 98.939682007 0.036704104 0.415455818 0.013235868 0.908776224
46.000000 43.964199066 -5.944167137 99.029769897 0.035678886 0.403729558 0.012819154 0.914092541
46.050000 44.153846741 -5.939706326 99.122215271 0.029773729 0.398457944 0.012843796 0.916613281
46.100000 44.275886536 -6.001260281 99.257698059 0.021446934 0.402448058 0.015515933 0.915060043
46.150000 44.430000305 -5.998621464 99.419906616 0.016329894 0.407355517 0.017121634 0.912963152
46.200000 44.599441528 -5.970747948 99.550216675 0.016010500 0.410214007 0.017299138 0.911684692
46.250000 44.756149292 -5.969131947 99.712631226 0.016944634 0.414912134 0.011843207 0.909626663
46.300000 44.905990601 -5.981117249 99.781204224 0.018304637 0.418171406 0.004337002 0.908173323
46.350000 45.072841644 -5.981547356 99.936889648 0.019725075 0.423176050 -0.004523053 0.905821502
46.400000 45.230751038 -5.986131668 100.029556274 0.022049043 0.426827699 -0.008652975 0.904022694
46.450000 45.326660156 -5.990960598 100.024215698 0.021108905 0.430486679 -0.007517072 0.902318776
46.500000 45.484245300 -6.006374359 100.169692993 0.018412013 0.435207516 -0.001023317 0.900141358
46.550000 45.672866821 -6.033039093 100.260688782 0.016704822 0.436504394 0.004159150 0.899537444
46.600000 45.820133209 -6.018526077 100.379837036 0.020761857 0.439067423 0.005634889 0.898196518
46.650000 45.983680725 -6.016417027 100.489234924 0.028294103 0.439720362 0.004244557 0.897678971
46.700000 46.127021790 -5.999211311 100.613380432 0.036278177 0.437375695 0.001671751 0.898545325
46.750000 46.305854797 -5.985562801 100.740676880 0.044861764 0.431289405 0.000680926 0.901097357
46.800000 46.598060608 -5.963623047 101.031295776 0.053503860 0.423939705 0.001322902 0.904107749
46.850000 46.764957428 -5.981355667 101.140792847 0.052955616 0.414443493 0.000396662 0.908532977
46.900000 46.926799774 -5.996612549 101.248275757 0.046073053 0.407056212 0.000481761 0.912240267
46.950000 47.067474365 -6.035219193 101.390716553 0.036482636 0.404377341 0.001842285 0.913862526
47.000000 47.209499359 -6.056374550 101.518974304 0.030904552 0.402260631 0.004165428 0.914994001
47.050000 47.357902527 -6.028744698 101.637550354 0.031254604 0.400239706 0.002792547 0.915873110
47.100000 47.512058258 -6.020738125 101.743499756 0.035205036 0.400085509 -0.000525936 0.915801287
47.150000 47.657905579 -6.019036293 101.901603699 0.041346893 0.407563210 -0.005301693 0.912225068
47.200000 47.796051025 -6.052264690 101.823074341 0.046666436 0.411155164 -0.008080925 0.910334229
47.250000 47.942886353 -6.048056602 101.930946350 0.051481664 0.419803172 -0.008366840 0.906115353
47.300000 48.105377197 -6.069027901 102.049217224 0.049358491 0.428922832 -0.004548511 0.901980162
47.350000 48.244064331 -6.070777416 102.139846802 0.041407369 0.436551332 0.000774634 0.898725629
47.400000 48.378730774 -6.080759048 102.299491882 0.031170113 0.442600042 0.008372679 0.896138132
47.450000 48.520599365 -6.081866741 102.421463013 0.023995848 0.448108226 0.014412708 0.893541038
47.500000 48.684844971 -6.078181267 102.508575439 0.022377150 0.453360796 0.016688004 0.890889883
47.550000 48.853935242 -6.060932636 102.612091064 0.027188713 0.457254797 0.014645725 0.888799429
47.600000 49.001380920 -6.052537918 102.732063293 0.035073325 0.458681405 0.010430831 0.887847066
47.650000 49.291091919 -6.068688869 102.840377808 0.043566480 0.452642977 0.006566824 0.890602767
47.700000 49.443496704 -6.080194473 102.952842712 0.051729206 0.447319537 0.003733278 0.892869234
47.750000 49.601627350 -6.083286285 103.034439087 0.053819720 0.442283899 0.001254878 0.895258009
47.800000 49.743736267 -6.108358860 103.150764465 0.050256256 0.439040869 0.001087324 0.897059798
47.850000 49.892280579 -6.134918213 103.255187988 0.044507418 0.434655458 0.002699545 0.899492383
47.900000 50.126014709 -6.151832581 103.407104492 0.039596949 0.429230720 0.004379177 0.902315855
47.950000 50.257171631 -6.151736259 103.538612366 0.037735950 0.424063891 0.001746041 0.904844046
48.000000 50.395271301 -6.155408859 103.645782471 0.039347719 0.418891490 -0.004938015 0.907169998
48.050000 50.539012909 -6.132352829 103.741432190 0.044492234 0.416584492 -0.011620869 0.907933235
48.100000 50.740455627 -6.147872925 103.897491455 0.048685592 0.417179286 -0.016641498 0.907366693
48.150000 50.871860504 -6.142375946 104.005172729 0.053857654 0.415567696 -0.016282799 0.907820344
48.200000 50.988212585 -6.147895813 104.081062317 0.055278167 0.412783414 -0.010836020 0.909085691
48.250000 51.099967957 -6.148963928 104.201416016 0.051595259 0.410417587 -0.003526113 0.910430074
48.300000 51.208465576 -6.151052952 104.267631531 0.045492880 0.403581977 0.001436127 0.913810670
48.350000 51.284900665 -6.164973736 104.310424805 0.042530760 0.394294649 0.003079616 0.917994261
48.400000 51.385246277 -6.165643692 104.401222229 0.044679310 0.384473473 0.000693097 0.922053993
48.450000 51.482887268 -6.165261745 104.487487793 0.049456939 0.371052355 -0.006774354 0.927269280
48.500000 51.580833435 -6.169142723 104.577651978 0.056058213 0.350666702 -0.014571474 0.934707463
48.550000 51.648792267 -6.173212051 104.652221680 0.061486375 0.324078768 -0.021252481 0.943790615
48.600000 51.728462219 -6.159951687 104.718482971 0.066634879 0.291060120 -0.025447052 0.954042077
48.650000 51.784233093 -6.172063351 104.791069031 0.068089589 0.254859328 -0.026834600 0.964204550
48.700000 51.837890625 -6.183437824 104.864845276 0.068030745 0.216290519 -0.027563272 0.973565876
48.750000 51.869758606 -6.185292244 104.906723022 0.067848690 0.177269697 -0.026880372 0.981452763
48.800000 51.878570557 -6.201625824 104.976875305 0.062450867 0.141631737 -0.025541898 0.987617373
48.850000 51.876697540 -6.214279175 105.007415771 0.053489245 0.106959432 -0.023257460 0.992551088
48.900000 51.883735657 -6.221064091 105.042861938 0.045797098 0.074080944 -0.021498492 0.995968103
48.950000 51.865432739 -6.221049309 105.068725586 0.042716146 0.043504752 -0.020415291 0.997930825
49.000000 51.862709045 -6.223104000 105.098838806 0.043734379 0.015069131 -0.019792737 0.998733461
49.050000 51.858901978 -6.220702171 105.119071960 0.047558963 -0.011040755 -0.017837064 0.998648167
49.100000 51.813476562 -6.214488983 105.122589111 0.051481806 -0.038232967 -0.012257550 0.997866571
49.150000 51.800743103 -6.209249973 105.138015747 0.052550692 -0.070656814 -0.006762964 0.996092558
49.200000 51.785915375 -6.207245350 105.160339355 0.050988153 -0.105576195 -0.004557698 0.993092716
49.250000 51.785476685 -6.206832886 105.173477173 0.049528424 -0.145608559 -0.007521390 0.988073111
49.300000 51.781551361 -6.209505081 105.176086426 0.051599197 -0.189375833 -0.012781342 0.980464637
49.350000 51.781036377 -6.209877014 105.176612854 0.057279658 -0.239192352 -0.019187173 0.969091296
49.400000 51.778251648 -6.209573746 105.182548523 0.066226326 -0.293618888 -0.023469117 0.953336895
49.450000 51.777267456 -6.210385799 105.186042786 0.075483777 -0.350979090 -0.024926981 0.933002949
49.500000 51.774269104 -6.210286140 105.193595886 0.085790597 -0.409220755 -0.024119012 0.908073008
49.550000 51.768226624 -6.209950447 105.200027466 0.094805703 -0.470419258 -0.023407793 0.877023220
49.600000 51.760795593 -6.210610867 105.209121704 0.100094967 -0.530702531 -0.025966924 0.841226220
49.650000 51.744560242 -6.221033096 105.222053528 0.100906931 -0.586609304 -0.031786375 0.802930236
49.700000 51.733093262 -6.219216347 105.225143433 0.099186271 -0.638674796 -0.035733439 0.762220204
49.750000 51.729209900 -6.220881462 105.219337463 0.091259278 -0.686914384 -0.038117707 0.719977319
49.800000 51.735275269 -6.227636337 105.205871582 0.079054192 -0.730170012 -0.036900684 0.677672923
49.850000 51.717941284 -6.230428219 105.179313660 0.068655387 -0.766460061 -0.034185003 0.637696505
49.900000 51.753028870 -6.218930721 105.121704102 0.059757125 -0.793735266 -0.031806286 0.604484797
49.950000 51.735122681 -6.248539448 105.098793030 0.044586271 -0.818805277 -0.029553272 0.571573794
53.100000 0.000000000 0.000000000 0.000000000 -0.000000000 -0.000000000 -0.000000000 1.000000000
53.150000 -0.068706632 -0.011750670 0.122427657 -0.001219417 0.012020216 0.000288889 0.999926984
53.200000 -0.006575482 -0.043286465 0.361008704 -0.006833383 0.019365612 0.003260299 0.999783814
53.250000 0.028777314 -0.050133210 0.605304539 -0.013262593 0.023103988 0.004730561 0.999633908
53.300000 0.017326524 -0.029419484 0.797705710 -0.015170090 0.027678164 0.003267746 0.999496460
53.350000 0.011923402 -0.025735753 1.054313421 -0.014675608 0.030983029 0.000405725 0.999412119
53.400000 0.018133350 0.002480283 1.293563724 -0.009585124 0.028828695 0.000040319 0.999538422
53.450000 0.049013369 -0.007949281 1.555118203 -0.005881194 0.024011793 0.003466425 0.999688387
53.500000 0.092743762 0.002166849 1.849706650 -0.001323301 0.017032223 0.007997836 0.999822080
53.550000 0.087973364 0.021172196 2.197731733 0.000931288 0.008843959 0.007639586 0.999931276
53.600000 0.044911876 -0.006451165 2.441830397 -0.004388643 0.001652351 0.005329902 0.999974787
53.650000 0.057949264 -0.002012563 2.693496943 -0.011463696 -0.004773943 0.005468975 0.999907970
53.700000 0.029349584 0.006074354 3.029121637 -0.016806655 -0.008085765 0.004337871 0.999816656
53.750000 0.008802592 0.028566478 3.286121368 -0.016480835 -0.008627843 0.001084552 0.999826372
53.800000 0.008572485 0.009754879 3.555170059 -0.012332640 -0.008666214 -0.002529171 0.999883235
53.850000 0.025871934 0.033178069 3.826431751 -0.005912111 -0.007111030 -0.007758707 0.999927163
53.900000 0.055150479 0.025426071 4.122791290 -0.003402581 -0.004247876 -0.013161131 0.999898612
53.950000 0.023126530 0.033966340 4.354402065 -0.005655678 -0.000695957 -0.015603513 0.999862075
54.000000 0.063236140 0.051148579 4.668484211 -0.014903263 0.002231831 -0.014485914 0.999781489
54.050000 0.121013433 0.038030110 4.976098061 -0.026881404 0.004185714 -0.012857975 0.999547184
54.100000 0.113015614 0.027906841 5.199173927 -0.034096859 0.006614340 -0.012867744 0.999313831
54.150000 0.095381975 0.053628791 5.440025806 -0.033642422 0.009168565 -0.012391967 0.999315083
54.200000 0.114019036 0.077162161 5.716725349 -0.026406460 0.010638806 -0.010888371 0.999535382
54.250000 0.119754270 0.083578907 5.986210346 -0.015220977 0.011965783 -0.009368524 0.999768674
54.300000 0.176891625 0.141669869 6.278934956 -0.003506985 0.010769783 -0.008230087 0.999902010
54.350000 0.169921368 0.145557582 6.543524265 0.002739274 0.011136170 -0.005262244 0.999920428
54.400000 0.154700860 0.138773277 6.811853409 0.003723512 0.006848474 -0.002714493 0.999965966
54.450000 0.160651207 0.111836396 7.057181835 -0.003448496 0.002332119 -0.003689967 0.999984562
54.500000 0.191423014 0.073499314 7.353449821 -0.014994400 0.000972067 -0.006289080 0.999867320
54.550000 0.210490793 0.065711886 7.617086411 -0.022592591 0.002197828 -0.009869128 0.999693632
54.600000 0.216192305 0.070195317 7.881082535 -0.023397848 0.003351507 -0.014244230 0.999619186
54.650000 0.232931942 0.062589429 8.177600861 -0.017694443 0.001242029 -0.016241912 0.999710739
54.700000 0.186194986 0.078340024 8.425156593 -0.007770783 0.001701632 -0.017351532 0.999817789
54.750000 0.230014294 0.093837783 8.774578094 0.000832250 0.003928997 -0.015141750 0.999877334
54.800000 0.271570414 0.085891895 9.050456047 0.009101238 0.008852442 -0.009547512 0.999873817
54.850000 0.322757304 0.066957183 9.330639839 0.017190203 0.015733454 -0.004549264 0.999718130
54.900000 0.337687790 0.036551826 9.573627472 0.018272685 0.025849080 -0.000713284 0.999498606
54.950000 0.348156512 0.029343432 9.872354507 0.011761613 0.031953506 0.001910988 0.999418318
55.000000 0.363373250 0.021595992 10.147471428 0.000793019 0.033162579 0.005771040 0.999433041
55.050000 0.406996101 0.030158892 10.430598259 -0.008076081 0.032358501 0.008296611 0.999409258
55.100000 0.384506166 0.055374563 10.701441765 -0.010196886 0.032359522 0.008421774 0.999388814
55.150000 0.427960843 0.103525117 11.005540848 -0.006838388 0.028176783 0.008068599 0.999547005
55.200000 0.457145751 0.150128677 11.296038628 -0.000914384 0.022591170 0.009144349 0.999702573
55.250000 0.481035978 0.168433875 11.569272995 0.002968095 0.016523018 0.012654408 0.999779046
55.300000 0.483048141 0.169380918 11.839836121 0.000366772 0.011023791 0.010633072 0.999882638
55.350000 0.500519812 0.141310394 12.113025665 -0.009175087 0.008013966 0.005280778 0.999911904
55.400000 0.478899360 0.131071463 12.382614136 -0.019698706 0.008770249 -0.001906901 0.999765694
55.450000 0.525930941 0.157329515 12.678233147 -0.026578650 0.008080509 -0.007214098 0.999588072
55.500000 0.514959693 0.183056906 12.984355927 -0.028479487 0.007142461 -0.012031144 0.999496460
55.550000 0.498579681 0.184389740 13.245950699 -0.025922675 0.007413275 -0.015424619 0.999517441
55.600000 0.508440971 0.196529448 13.468741417 -0.022177178 0.009604909 -0.019572202 0.999516308
55.650000 0.520273626 0.203963146 13.697566032 -0.019465998 0.010657370 -0.023485575 0.999477804
55.700000 0.546967566 0.196004167 13.871579170 -0.020411598 0.009959199 -0.022136966 0.999496937
55.750000 0.582237720 0.202478528 14.245443344 -0.026504803 0.012160498 -0.017628659 0.999419272
55.800000 0.563095927 0.204901680 14.539160728 -0.034207098 0.014918147 -0.013540830 0.999211669
55.850000 0.553034842 0.181935266 14.803489685 -0.037117541 0.016239906 -0.011618016 0.999111414
55.900000 0.572550237 0.175286397 15.039084435 -0.032306094 0.017374303 -0.011216576 0.999264061
55.950000 0.611151159 0.186317950 15.333645821 -0.021105772 0.018525079 -0.010686055 0.999548495
56.000000 0.611940384 0.198109388 15.678326607 -0.008036525 0.016683571 -0.009417682 0.999784172
56.050000 0.629485250 0.209625155 15.951803207 0.001777554 0.011209528 -0.007594652 0.999906778
56.100000 0.619510472 0.198941395 16.237499237 0.005941466 0.006118308 -0.005877825 0.999946356
56.150000 0.651534736 0.207138076 16.531419754 0.002820984 0.000274330 -0.005644009 0.999980092
56.200000 0.647900641 0.181299508 16.890619278 -0.008247603 -0.002794012 -0.005774822 0.999945402
56.250000 0.659866095 0.134922519 17.209886551 -0.020486156 -0.004427099 -0.006776830 0.999757349
56.300000 0.633440137 0.112092145 17.415294647 -0.028165312 -0.003471618 -0.007230519 0.999571145
56.350000 0.682667494 0.170208305 17.695228577 -0.028548259 -0.004097879 -0.008392987 0.999548793
56.400000 0.691089690 0.155190215 17.963344574 -0.024055379 -0.003546126 -0.012903034 0.999621093
56.450000 0.701885402 0.190629691 18.239770889 -0.015557677 -0.001998551 -0.017337568 0.999726653
56.500000 0.775285304 0.225153357 18.482976913 -0.009167693 -0.000099503 -0.021434354 0.999728262
56.550000 0.722502887 0.243866846 18.847398758 -0.009297276 0.003135544 -0.021254413 0.999725997
56.600000 0.727768898 0.245149717 19.112514496 -0.016704774 0.004874161 -0.016204806 0.999717295
56.650000 0.722680390 0.238886252 19.316225052 -0.026988773 0.005613697 -0.008578732 0.999583185
56.700000 0.689236879 0.216632351 19.563297272 -0.035296064 0.006136252 -0.003366096 0.999352396
56.750000 0.681961358 0.211479276 19.790508270 -0.037278779 0.006295176 -0.000014369 0.999285102
56.800000 0.665723860 0.181959972 20.006319046 -0.033205952 0.008070463 0.001622767 0.999414623
56.850000 0.701267719 0.220204949 20.213315964 -0.022481084 0.008276887 0.002173828 0.999710679
56.900000 0.686742723 0.224441737 20.415792465 -0.012574864 0.005019034 0.004217715 0.999899447
56.950000 0.689728737 0.263020843 20.616916656 -0.005928939 -0.000408190 0.009522100 0.999936998
57.000000 0.703926206 0.257993728 20.736291885 -0.010038043 -0.006672573 0.009205509 0.999885023
57.050000 0.692736864 0.245694548 20.922836304 -0.022188343 -0.011583800 0.006392649 0.999666274
57.100000 0.703710675 0.233194575 20.988155365 -0.036007557 -0.015385153 0.001796196 0.999231458
57.150000 0.705252290 0.215215936 21.181829453 -0.046787865 -0.017770605 -0.000587466 0.998746634
57.200000 0.700441837 0.240240410 21.405073166 -0.049613092 -0.017809618 -0.000967621 0.998609304
57.250000 0.697126806 0.252200186 21.370521545 -0.044558667 -0.016995162 -0.004171963 0.998853505
57.300000 0.694238842 0.275902152 21.551866531 -0.033669870 -0.016029034 -0.007402839 0.999277055
57.350000 0.720697761 0.288020194 21.528619766 -0.023983205 -0.011089992 -0.012966844 0.999566793
57.400000 0.690415859 0.305769056 21.792072296 -0.019052504 -0.004028637 -0.014627567 0.999703407
57.450000 0.687488258 0.309429705 22.051971436 -0.021103967 0.004123241 -0.012545761 0.999690056
57.500000 0.709371209 0.289458185 22.080654144 -0.028718105 0.013908033 -0.006435264 0.999470115
57.550000 0.738128126 0.286794722 22.322172165 -0.035012502 0.021932574 -0.001409600 0.999145210
57.600000 0.736716568 0.300533652 22.557746887 -0.036758400 0.027984990 0.003102162 0.998927474
57.650000 0.761938810 0.291328728 22.531551361 -0.032958761 0.031479850 0.008693636 0.998923004
57.700000 0.752938390 0.297563970 22.772199631 -0.024360921 0.035335932 0.010880869 0.999019325
57.750000 0.751589000 0.307164401 22.995426178 -0.014084148 0.036577892 0.011630164 0.999163866
57.800000 0.777800918 0.313297093 23.258359909 -0.006202644 0.034847874 0.013886804 0.999276876
57.850000 0.825933158 0.330571264 23.366067886 -0.002323277 0.032426257 0.015243160 0.999355197
57.900000 0.820637405 0.314476848 23.538877487 -0.005269250 0.029665580 0.010707373 0.999488652
57.950000 0.796747267 0.318067133 23.761373520 -0.013411937 0.028988760 0.005956479 0.999472022
58.000000 0.755339801 0.309356838 23.953628540 -0.023034774 0.031701360 0.001104252 0.999231339
58.050000 0.809563279 0.307696939 24.101039886 -0.030533966 0.033029921 -0.001403076 0.998986840
58.100000 0.806989968 0.321431786 24.262056351 -0.033654258 0.032032311 -0.003762487 0.998912990
58.150000 0.825363576 0.322593272 24.407100677 -0.031819131 0.027220786 -0.003425521 0.999117076
58.200000 0.834110677 0.334655643 24.576763153 -0.026726719 0.024467912 -0.004156230 0.999334693
58.250000 0.874838233 0.340018541 24.802009583 -0.022468885 0.024172187 -0.008270234 0.999421060
58.300000 0.872462928 0.367309898 25.015983582 -0.020982377 0.024047894 -0.013061071 0.999405265
58.350000 0.853698194 0.358931482 25.182382584 -0.026116200 0.024883838 -0.014850002 0.999238789
58.400000 0.846594810 0.350523323 25.346899033 -0.036218133 0.025856214 -0.013741516 0.998914838
58.450000 0.891793311 0.337228894 25.508451462 -0.047308616 0.023201274 -0.011408472 0.998545706
58.500000 0.923720777 0.344358087 25.738845825 -0.051938370 0.023049345 -0.011874519 0.998313665
58.550000 0.906354368 0.356463909 25.933450699 -0.049602274 0.024743188 -0.013346647 0.998373330
58.600000 0.912393212 0.375356495 26.112287521 -0.041718684 0.024322584 -0.013413973 0.998743236
58.650000 0.958657622 0.390879452 26.423994064 -0.031701818 0.021266254 -0.011411368 0.999205947
58.700000 0.953231454 0.398954511 26.588422775 -0.023357354 0.018831696 -0.010383558 0.999495864
58.750000 0.944675803 0.396266848 26.786092758 -0.016133422 0.015337748 -0.009408835 0.999707937
58.800000 0.945815980 0.382333070 26.968889236 -0.010918188 0.008447793 -0.010466428 0.999849975
58.850000 0.972158492 0.383456945 27.218675613 -0.010965002 0.001625977 -0.010266878 0.999885857
58.900000 0.989712536 0.375687003 27.400032043 -0.014537070 -0.000925437 -0.008455943 0.999858201
58.950000 0.972613156 0.380342096 27.584018707 -0.016957102 0.000406404 -0.007932522 0.999824643
59.000000 0.978276372 0.376490176 27.786487579 -0.016789878 0.000366692 -0.008231222 0.999825120
59.050000 1.078821659 0.379005790 28.124418259 -0.013355835 -0.003789877 -0.009474307 0.999858737
59.100000 1.110372543 0.377471596 28.312665939 -0.009375270 -0.003884599 -0.011783613 0.999879122
59.150000 1.113192320 0.384217769 28.499155045 -0.008403710 0.000389189 -0.016286232 0.999831975
59.200000 1.134515762 0.409830064 28.735502243 -0.010169895 0.004930382 -0.018260511 0.999769390
59.250000 1.171615243 0.398014635 29.043302536 -0.016137481 0.009187098 -0.014315286 0.999725103
59.300000 1.163242579 0.404752135 29.210138321 -0.023066856 0.011232713 -0.010896125 0.999611437
59.350000 1.169188023 0.393127084 29.385068893 -0.027470358 0.013295480 -0.008506899 0.999498010
59.400000 1.265713453 0.390957117 29.674154282 -0.025275534 0.016081503 -0.007604465 0.999522269
59.450000 1.297245860 0.390112668 29.895477295 -0.017030992 0.019556778 -0.006589917 0.999641955
59.500000 1.357459784 0.399773747 30.170728683 -0.006841017 0.018022666 -0.005027476 0.999801517
59.550000 1.375883222 0.415133923 30.463506699 0.002723748 0.014285677 -0.003264780 0.999888957
59.600000 1.344760656 0.405505717 30.638809204 0.011193257 0.010295516 -0.001384288 0.999883413
59.650000 1.329904556 0.397274613 30.911798477 0.015366886 0.004893351 -0.002098718 0.999867737
59.700000 1.309718251 0.394235790 30.930137634 0.011145251 -0.001891780 -0.004081460 0.999927819
59.750000 1.368054748 0.337148458 31.199848175 0.001014773 -0.005420933 -0.004793483 0.999973297
59.800000 1.417397022 0.356719345 31.478813171 -0.006627047 -0.007288394 -0.003864847 0.999944031
59.850000 1.414581895 0.374924242 31.620048523 -0.011538702 -0.010112155 -0.005707761 0.999866009
59.900000 1.431002378 0.364037842 31.781694412 -0.012535863 -0.013657394 -0.009582247 0.999782264
59.950000 1.481298208 0.384108543 32.009029388 -0.009215889 -0.014145189 -0.016000332 0.999729455
60.000000 1.531617641 0.404127896 32.246963501 -0.005546054 -0.011373583 -0.022009762 0.999677718
60.050000 1.568891048 0.416029632 32.462509155 -0.003399576 -0.009309400 -0.023362782 0.999677956
60.100000 1.594560146 0.412280172 32.650623322 -0.003815897 -0.009108411 -0.021256104 0.999725282
60.150000 1.518658161 0.406552374 32.753242493 -0.006374120 -0.008887480 -0.018432492 0.999770284
60.200000 1.519389868 0.436124176 32.934154510 -0.010636750 -0.013078433 -0.017677708 0.999701619
60.250000 1.542885780 0.426152766 33.120361328 -0.016598267 -0.016543904 -0.017145203 0.999578357
60.300000 1.580437303 0.438680828 33.280910492 -0.019478988 -0.020201856 -0.018459115 0.999435723
60.350000 1.586750746 0.439856946 33.452468872 -0.017601762 -0.026533304 -0.021405641 0.999263763
60.400000 1.453723431 0.549765348 33.758453369 -0.008655379 -0.036571294 -0.025453633 0.998969316
60.450000 1.442561746 0.498584390 34.057319641 -0.001724066 -0.053907711 -0.025192324 0.998226583
60.500000 1.470957994 0.483720869 34.233398438 0.001390507 -0.075041428 -0.025948852 0.996841788
60.550000 1.482743621 0.476531386 34.436908722 -0.001525491 -0.095706187 -0.027960462 0.995015681
60.600000 1.519041777 0.460384607 34.644111633 -0.006680222 -0.116505370 -0.027934492 0.992774665
60.650000 1.452274203 0.471210629 34.796977997 -0.011736646 -0.134799406 -0.028687559 0.990388036
60.700000 1.445150137 0.450555563 34.951251984 -0.015327429 -0.154888809 -0.030059358 0.987355530
60.750000 1.354110956 0.476151735 35.083831787 -0.014041145 -0.172906548 -0.032878011 0.984289229
60.800000 1.309397936 0.464777887 35.268314362 -0.009597536 -0.189832553 -0.035662275 0.981121659
60.850000 1.273882866 0.501258194 35.420703888 -0.002046834 -0.203607753 -0.037991382 0.978313029
60.900000 1.242102504 0.524476588 35.634311676 0.005303980 -0.213624239 -0.040348023 0.976067960
60.950000 1.154527783 0.562261999 35.829627991 0.010615639 -0.222489148 -0.039093707 0.974093199
61.000000 1.086169004 0.573440909 35.987903595 0.011003120 -0.232367471 -0.030316742 0.972093225
61.050000 1.076521635 0.518548787 36.096263885 0.006042692 -0.243336096 -0.022285368 0.969667196
61.100000 0.989857912 0.485100925 36.238067627 0.001170067 -0.252495497 -0.019567925 0.967399478
61.150000 0.924767017 0.523739636 36.381996155 -0.002442006 -0.261840492 -0.015269113 0.964987278
61.200000 0.899899721 0.492007971 36.524204254 -0.002897838 -0.269753814 -0.015677273 0.962797344
61.250000 0.831823587 0.504405499 36.643287659 0.001858893 -0.274673134 -0.016101180 0.961401045
61.300000 0.729865074 0.467249155 36.735328674 0.008850783 -0.279042453 -0.017293366 0.960082233
61.350000 0.599089384 0.540533185 36.941143036 0.017305247 -0.285857469 -0.012910558 0.958028913
61.400000 0.502686262 0.543198764 37.069213867 0.021933744 -0.292693228 -0.006598680 0.955932021
61.450000 0.442762375 0.522508860 37.235088348 0.024096293 -0.302859545 0.000679557 0.952730298
61.500000 0.294081211 0.441257715 37.363834381 0.023495644 -0.311915964 0.001568053 0.949817896
61.550000 0.241583824 0.467123687 37.537788391 0.022203084 -0.321238458 0.000578920 0.946737826
61.600000 0.090870857 0.458590239 37.691349030 0.018102096 -0.326390296 -0.001525847 0.945060492
61.650000 0.029266834 0.401371360 37.863098145 0.012294582 -0.332289368 -0.007375255 0.943068504
61.700000 -0.065164089 0.435057759 38.002956390 0.010817069 -0.339369416 -0.010798054 0.940528989
61.750000 -0.173262119 0.425654680 38.117954254 0.012026846 -0.344518870 -0.015339423 0.938577056
61.800000 -0.274281025 0.456215024 38.311649323 0.016996222 -0.348043710 -0.018090256 0.937149644
61.850000 -0.386013985 0.496720374 38.476863861 0.025049804 -0.348667681 -0.022453498 0.936642528
61.900000 -0.489509583 0.489844024 38.614101410 0.031223988 -0.346906781 -0.026084295 0.937016785
61.950000 -0.616425037 0.513482571 38.754524231 0.034607779 -0.343536377 -0.026249567 0.938134313
62.000000 -0.730087757 0.475838721 38.945423126 0.032288752 -0.343003958 -0.023168983 0.938492954
62.050000 -0.801126957 0.464469939 39.144470215 0.027025431 -0.346662730 -0.017144490 0.937443733
62.100000 -0.939598083 0.437452734 39.258628845 0.021772422 -0.347926140 -0.013129128 0.937177181
62.150000 -1.076330185 0.428367674 39.416374207 0.020499863 -0.348740220 -0.008555889 0.936956167
62.200000 -1.131326675 0.387839168 39.557064056 0.022428187 -0.351799816 -0.005168847 0.935792267
62.250000 -1.266216278 0.424924910 39.707653046 0.028019458 -0.355536044 0.000085592 0.934242487
62.300000 -1.350662708 0.403173149 39.869560242 0.031821061 -0.363160402 0.003448894 0.931176722
62.350000 -1.471548557 0.405279577 40.011238098 0.032813985 -0.371128827 0.006912736 0.927975655
62.400000 -1.594785690 0.418481529 40.198669434 0.029621024 -0.378785878 0.007423000 0.924980462
62.450000 -1.684636116 0.382024229 40.377449036 0.023598876 -0.386468261 0.004187640 0.921991229
62.500000 -1.797667980 0.407216102 40.515666962 0.017725037 -0.391635209 0.001354090 0.919948816
62.550000 -1.946318150 0.424775720 40.648399353 0.010369262 -0.394553900 -0.001505565 0.918813050
62.600000 -2.033168793 0.372710854 40.810993195 0.003138439 -0.399428219 -0.004803956 0.916746557
62.650000 -2.155556679 0.327674299 40.962577820 0.001607637 -0.402918011 -0.006526846 0.915211439
62.700000 -2.277959824 0.314990044 41.128139496 0.006642155 -0.402928710 -0.008459887 0.915168226
62.750000 -2.379059792 0.383737564 41.287307739 0.017428901 -0.400525272 -0.009383071 0.916071951
62.800000 -2.511685848 0.392610610 41.451637268 0.024205206 -0.398709863 -0.011378869 0.916687012
62.850000 -2.626225948 0.401844263 41.627040863 0.024946250 -0.396588445 -0.008617559 0.917617023
62.900000 -2.791539669 0.419969708 41.753063202 0.021177888 -0.390159100 -0.006081905 0.920483828
62.950000 -2.943240643 0.412401825 41.906738281 0.013450959 -0.385655254 -0.003882600 0.922536731
63.000000 -3.042666435 0.410403520 42.078102112 0.004084688 -0.383924127 -0.001586178 0.923354268
63.050000 -3.201017380 0.420813352 42.217231750 -0.005151937 -0.378713310 -0.001497363 0.925498486
63.100000 -3.318784714 0.490962863 42.394283295 -0.010445097 -0.374975532 -0.000243974 0.926975846
63.150000 -3.443702698 0.532047749 42.501819611 -0.013424839 -0.371495485 0.001911319 0.928335726
63.200000 -3.614251852 0.520522833 42.636665344 -0.015703814 -0.370525151 0.002500605 0.928686321
63.250000 -3.717686653 0.505621850 42.813903809 -0.016656602 -0.373654783 0.004011767 0.927409649
63.300000 -3.858523130 0.553978682 42.967983246 -0.018021071 -0.377207041 0.005090139 0.925939679
63.350000 -4.036995411 0.547558725 43.082817078 -0.021202546 -0.377565384 0.002068851 0.925737858
63.400000 -4.185539246 0.602889895 43.182563782 -0.022604890 -0.378298372 0.002208785 0.925405025
63.450000 -4.342780113 0.664710522 43.299259186 -0.024449604 -0.378103912 0.002739068 0.925436199
63.500000 -4.513288975 0.726506293 43.446544647 -0.025875386 -0.375722200 0.002685211 0.926367164
63.550000 -4.607657433 0.725942850 43.527446747 -0.026584504 -0.372328430 0.001046975 0.927719653
63.600000 -4.731898308 0.760155559 43.626007080 -0.023729295 -0.366988420 0.001886387 0.929920912
63.650000 -4.827138901 0.783796668 43.719955444 -0.019824591 -0.357185125 0.002231152 0.933820546
63.700000 -4.932984352 0.781516552 43.861068726 -0.017677056 -0.344869077 0.001095672 0.938483715
63.750000 -5.028561592 0.793343365 43.968841553 -0.018222645 -0.332325906 0.004384041 0.942978382
63.800000 -5.115689278 0.779843211 44.110420227 -0.020135783 -0.320965081 0.009036835 0.946833849
63.850000 -5.179237843 0.776914835 44.236812592 -0.022866637 -0.310057938 0.015356070 0.950318575
63.900000 -5.226692677 0.800345540 44.343784332 -0.026864002 -0.298839211 0.020443166 0.953706205
63.950000 -5.261501312 0.832936883 44.411514282 -0.032035265 -0.284229785 0.026874445 0.957843900
64.000000 -5.275875092 0.853751063 44.428878784 -0.035976097 -0.268151730 0.032778252 0.962146580
64.050000 -5.314448357 0.866591692 44.511413574 -0.037576303 -0.254534662 0.039582942 0.965522349
64.100000 -5.348485470 0.882318497 44.626083374 -0.036055721 -0.242658585 0.049036939 0.968200505
64.150000 -5.399462700 0.873063147 44.739704132 -0.033286400 -0.227758408 0.057158910 0.971468508
64.200000 -5.431992054 0.887670040 44.861824036 -0.028064393 -0.213354036 0.064727411 0.974424362
64.250000 -5.473451614 0.878460050 44.980815887 -0.022088710 -0.194463849 0.066449240 0.978407085
64.300000 -5.501985550 0.877733171 45.101196289 -0.016623020 -0.172254756 0.066151433 0.982688189
64.350000 -5.516117573 0.852386236 45.209037781 -0.017518822 -0.147218525 0.064523257 0.986841679
64.400000 -5.513579369 0.832263708 45.332805634 -0.021308001 -0.120230898 0.060636595 0.990663290
64.450000 -5.501594543 0.824465752 45.424297333 -0.025337193 -0.092742838 0.057006784 0.993733883
64.500000 -5.480073452 0.818897367 45.549484253 -0.027449815 -0.065606967 0.052130785 0.996104717
64.550000 -5.465248108 0.810985267 45.678817749 -0.025999028 -0.037539985 0.044259191 0.997975945
64.600000 -5.430496216 0.836187899 45.812957764 -0.020477297 -0.009850619 0.035899274 0.999097049
64.650000 -5.395015717 0.835261643 45.900520325 -0.014639106 0.019989276 0.028571567 0.999284625
64.700000 -5.385543823 0.833217025 46.005813599 -0.011885574 0.048646756 0.026627902 0.998390317
64.750000 -5.338629246 0.856193960 46.127914429 -0.017817413 0.073240906 0.028066859 0.996760070
64.800000 -5.262315273 0.850256443 46.210716248 -0.029399833 0.096813954 0.030092705 0.994412959
64.850000 -5.209534645 0.852165580 46.302440643 -0.036212813 0.121664517 0.030832348 0.991431177
64.900000 -5.157532215 0.873256266 46.405693054 -0.036677837 0.144240648 0.030455694 0.988393605
64.950000 -5.056519032 0.897938848 46.500331879 -0.032611717 0.160750687 0.030141860 0.985995531
65.000000 -4.955008507 0.917832375 46.597888947 -0.028392440 0.172857001 0.030916519 0.984052062
65.050000 -4.863316059 0.921094418 46.712619781 -0.027653025 0.181883648 0.033534665 0.982358932
65.100000 -4.778059006 0.932638407 46.809631348 -0.032236107 0.188992754 0.035696689 0.980799854
65.150000 -4.684952736 0.907656133 46.919384003 -0.042651139 0.196578711 0.034883123 0.978938639
65.200000 -4.588605404 0.898102582 47.009201050 -0.050550271 0.198482677 0.031707615 0.978286207
65.250000 -4.485567570 0.916556001 47.143363953 -0.056127463 0.195720494 0.026599919 0.978690803
65.300000 -4.413097858 0.900889277 47.235076904 -0.060712107 0.194361150 0.020648342 0.978831708
65.350000 -4.312862396 0.895553231 47.356525421 -0.061098192 0.193171829 0.015784033 0.979133546
65.400000 -4.205049515 0.894316554 47.471855164 -0.059038877 0.191481799 0.010794800 0.979659498
65.450000 -4.108587265 0.897004247 47.595584869 -0.054624487 0.190008387 0.007474050 0.980233192
65.500000 -3.977203369 0.933729887 47.735290527 -0.047629841 0.188873544 0.003963957 0.980837643
65.550000 -3.903152943 0.957972109 47.897090912 -0.042876653 0.192555636 -0.000529942 0.980348766
65.600000 -3.788609743 0.968062878 48.021850586 -0.041349389 0.197565362 -0.005063193 0.979404211
65.650000 -3.657338142 0.946630955 48.193866730 -0.042107873 0.203538001 -0.006106360 0.978142083
65.700000 -3.565640450 0.939836502 48.351268768 -0.041918427 0.208081812 -0.002708865 0.977209032
65.750000 -3.488226891 0.936582208 48.486297607 -0.042656381 0.210666478 0.002531201 0.976623595
65.800000 -3.397471666 0.949110746 48.621395111 -0.043297984 0.212308973 0.006497146 0.976221263
65.850000 -3.293251514 0.986070156 48.763523102 -0.042864472 0.214763626 0.009762615 0.975676179
65.900000 -3.199526548 1.013757467 48.960540771 -0.042866860 0.219765291 0.011948139 0.974537313
65.950000 -3.090716600 1.053220272 49.113857269 -0.042399250 0.219794065 0.012303706 0.974546850
66.000000 -3.000873804 1.089651704 49.251495361 -0.041090105 0.216515243 0.011545880 0.975345790
66.050000 -2.874032259 1.079285145 49.421760559 -0.039236989 0.211257324 0.013661860 0.976547062
66.100000 -2.785013676 1.088088393 49.568912506 -0.037406206 0.204476893 0.015582873 0.978032291
66.150000 -2.699473619 1.063092947 49.705322266 -0.038512710 0.197269797 0.016251434 0.979457676
66.200000 -2.626247644 1.050264716 49.856250763 -0.042504441 0.193014547 0.018761337 0.980095267
66.250000 -2.577394485 1.066276193 50.006336212 -0.048567589 0.188444644 0.020622360 0.980665386
66.300000 -2.545625687 1.082258701 50.153995514 -0.053886034 0.184758127 0.021135909 0.981077969
66.350000 -2.401999712 1.049308896 50.328800201 -0.056031734 0.180833399 0.019987978 0.981712878
66.400000 -2.253763676 1.066064119 50.519283295 -0.052213054 0.179409772 0.014095669 0.982286751
66.450000 -2.145609140 1.076827407 50.667873383 -0.046944298 0.182509616 0.005207976 0.982068956
66.500000 -2.073961973 1.109456897 50.848735809 -0.041384935 0.188489169 -0.004044584 0.981194556
66.550000 -2.002883434 1.127806067 51.003841400 -0.036955897 0.191163033 -0.008244752 0.980827689
66.600000 -1.949343681 1.123958468 51.155193329 -0.034934867 0.194559127 -0.008355572 0.980232894
66.650000 -1.821365237 1.081037879 51.329250336 -0.036498699 0.196616277 -0.003575941 0.979794443
66.700000 -1.697375894 1.067030549 51.490379333 -0.039772097 0.197076485 -0.001447524 0.979579985
66.750000 -1.647425056 1.083175659 51.647808075 -0.040140193 0.200625464 -0.002265538 0.978842735
66.800000 -1.529722691 1.085219979 51.825130463 -0.037234191 0.202870890 -0.002761787 0.978493452
66.850000 -1.428724289 1.079448700 51.986545563 -0.031660296 0.202960223 -0.002389915 0.978672087
66.900000 -1.467536211 1.084857702 52.048187256 -0.023130527 0.202318996 -0.001597011 0.979045212
66.950000 -1.412421942 1.096479058 52.192699432 -0.013121454 0.196180061 0.000413374 0.980480015
67.000000 -1.406468391 1.107882023 52.349769592 -0.005260580 0.188059255 0.001096876 0.982142985
67.050000 -1.361573219 1.100976944 52.515689850 -0.002825060 0.179832801 -0.000738820 0.983692884
67.100000 -1.196984768 1.085422397 52.721553802 -0.004849413 0.170494854 -0.001715708 0.985345185
67.150000 -1.154353857 1.080172300 52.925949097 -0.011542661 0.165675953 -0.003024625 0.986108065
67.200000 -1.116388083 1.087523341 53.057537079 -0.019076914 0.159649551 -0.002761841 0.986985564
67.250000 -1.068578839 1.095317602 53.208007812 -0.024363020 0.154238150 -0.003288592 0.987727821
67.300000 -0.957810700 1.090012908 53.406284332 -0.025103962 0.149460971 -0.004487233 0.988438725
67.350000 -0.893320501 1.118518591 53.585548401 -0.022480058 0.149793386 -0.008955665 0.988421202
67.400000 -0.839499772 1.131686449 53.740749359 -0.019797543 0.150838807 -0.013666048 0.988265634
67.450000 -0.784960091 1.139773130 53.919467926 -0.017568447 0.154476300 -0.017530402 0.987684727
67.500000 -0.752607822 1.148744226 54.056949615 -0.019005004 0.160010383 -0.019754183 0.986734688
67.550000 -0.738547802 1.150935531 54.204765320 -0.024924112 0.165943399 -0.018672079 0.985643387
67.600000 -0.732350945 1.163100839 54.354988098 -0.031746838 0.169517592 -0.015735751 0.984890044
67.650000 -0.581618547 1.143630981 54.559120178 -0.037449107 0.170819148 -0.009609519 0.984543622
67.700000 -0.443606734 1.144874454 54.758655548 -0.038577359 0.173703328 -0.003190490 0.984036982
67.750000 -0.430812478 1.155063868 54.886051178 -0.035515595 0.178857967 0.001437714 0.983232617
67.800000 -0.391929507 1.183211923 55.023609161 -0.029879626 0.182285011 0.005733842 0.982774913
67.850000 -0.372081399 1.186329126 55.150203705 -0.025816800 0.186017126 0.010322809 0.982153058
67.900000 -0.262623549 1.179362059 55.296985626 -0.027161514 0.186354667 0.015974447 0.981977105
67.950000 -0.167302728 1.182524443 55.499698639 -0.035299025 0.187124431 0.018148270 0.981534064
68.000000 -0.125888109 1.168857098 55.637474060 -0.045924559 0.187788799 0.020521795 0.980920613
68.050000 -0.056646228 1.181055307 55.791721344 -0.054954063 0.187438294 0.022684101 0.980475605
68.100000 0.005649924 1.181768060 55.949150085 -0.061231833 0.188577890 0.024577586 0.979839265
68.150000 0.087451696 1.196121097 56.163913727 -0.063014336 0.191444725 0.024963373 0.979160368
68.200000 0.140077591 1.204969168 56.302227020 -0.060062617 0.197295353 0.023001811 0.978232026
68.250000 0.244042039 1.222339869 56.481227875 -0.053652242 0.208079323 0.020132693 0.976431847
68.300000 0.298867464 1.243757367 56.637271881 -0.048778877 0.220439211 0.016817957 0.974035084
68.350000 0.377257824 1.242125273 56.802841187 -0.049685635 0.228916407 0.018687036 0.971997619
68.400000 0.435262918 1.243553519 56.958721161 -0.053960372 0.235929966 0.020449387 0.970055282
68.450000 0.519043922 1.234503269 57.098056793 -0.059511986 0.241003260 0.023523038 0.968412340
68.500000 0.558081388 1.230774641 57.205387115 -0.064323366 0.245344192 0.025791859 0.966955841
68.550000 0.631025791 1.227164388 57.329620361 -0.066009618 0.250799000 0.028361581 0.965369523
68.600000 0.668583632 1.239664793 57.432403564 -0.062360726 0.257682621 0.028709134 0.963787615
68.650000 0.741179228 1.239106655 57.524990082 -0.056952279 0.262283713 0.027241560 0.962923467
68.700000 0.815222263 1.266694665 57.650531769 -0.048886482 0.264144212 0.022266606 0.962986112
68.750000 0.858524561 1.259974599 57.700969696 -0.041659568 0.261796892 0.020706231 0.964001119
68.800000 0.938552141 1.274548650 57.834987640 -0.035421420 0.255827546 0.019674035 0.965872943
68.850000 0.967185974 1.255074859 57.841899872 -0.034775425 0.248144329 0.021150161 0.967867672
68.900000 1.032464743 1.238050938 57.966197968 -0.036547400 0.243818417 0.022092754 0.968880177
68.950000 1.103971839 1.233112216 58.100299835 -0.038496591 0.240309298 0.020154037 0.969723344
69.000000 1.123318434 1.219627142 58.114372253 -0.040992029 0.233610943 0.017733028 0.971303821
69.050000 1.205670238 1.219979882 58.243534088 -0.041722104 0.223815858 0.014657921 0.973627687
69.100000 1.256617546 1.243535519 58.404430389 -0.038863238 0.214149177 0.009268265 0.975983560
69.150000 1.316732168 1.250329614 58.540878296 -0.034165293 0.207494184 0.003952690 0.977631450
69.200000 1.391164064 1.262714505 58.671794891 -0.028751444 0.204932913 -0.001851637 0.978351951
69.250000 1.464815736 1.272598505 58.801105499 -0.024393877 0.202940688 -0.006350987 0.978866577
69.300000 1.503272057 1.267530084 58.920490265 -0.021312101 0.201525092 -0.008053146 0.979218364
69.350000 1.582123041 1.268762350 59.036521912 -0.018679509 0.195827663 -0.007172302 0.980434179
69.400000 1.652055621 1.237628460 59.180980682 -0.017930467 0.186109141 -0.004994525 0.982352793
69.450000 1.710449696 1.247516751 59.327583313 -0.017573137 0.176084563 -0.005598358 0.984202266
69.500000 1.751160502 1.246782541 59.432128906 -0.017969916 0.165776432 -0.006434406 0.985978663
69.550000 1.788121462 1.243161321 59.534500122 -0.017750038 0.152224302 -0.007807042 0.988155723
69.600000 1.853815675 1.249248981 59.728744507 -0.014113350 0.134335995 -0.010815465 0.990776360
69.650000 1.884884953 1.268908978 59.863170624 -0.008160804 0.112088285 -0.015098804 0.993550062
69.700000 1.921302915 1.268111706 60.008720398 -0.001428604 0.085202090 -0.016321175 0.996228993
69.750000 1.971870184 1.266206026 60.163337708 0.006814702 0.055860613 -0.016133379 0.998284996
69.800000 1.954598784 1.291917086 60.271755219 0.011523840 0.026050139 -0.020203039 0.999390066
69.850000 1.942043066 1.297305584 60.383842468 0.012121904 -0.005030692 -0.021219037 0.999688685
69.900000 1.944115162 1.310847878 60.505775452 0.008927296 -0.036937770 -0.020622682 0.999064863
69.950000 1.944552422 1.295883417 60.622589111 0.001188017 -0.066257976 -0.019500017 0.997611284
70.000000 1.932354212 1.253918290 60.712329865 -0.007029275 -0.092407063 -0.019665457 0.995502293
70.050000 1.930941701 1.278752089 60.895915985 -0.011504405 -0.116893373 -0.019714098 0.992882133
70.100000 1.920770884 1.279851913 60.951282501 -0.014512946 -0.138771579 -0.022015974 0.989973307
70.150000 1.899232149 1.305161357 61.057590485 -0.013643293 -0.155759290 -0.025144801 0.987380743
70.200000 1.845697045 1.295021296 61.198547363 -0.011393362 -0.167043582 -0.028959733 0.985458255
70.250000 1.798547387 1.318759203 61.326900482 -0.007983310 -0.175345704 -0.031532157 0.983969510
70.300000 1.761160374 1.307184458 61.453178406 -0.006854822 -0.182420716 -0.030573789 0.982721210
70.350000 1.733994484 1.287454605 61.529666901 -0.005961995 -0.188262463 -0.027574152 0.981713474
70.400000 1.681542158 1.281408548 61.643093109 -0.005531133 -0.194797158 -0.023241891 0.980552554
70.450000 1.672104359 1.271142006 61.759483337 -0.006697384 -0.204075620 -0.016738849 0.978789151
70.500000 1.609778404 1.287167549 61.877891541 -0.007143236 -0.213527530 -0.010906906 0.976850092
70.550000 1.560621977 1.301602244 61.984115601 -0.006317348 -0.221433342 -0.006971298 0.975130141
70.600000 1.512116909 1.307185173 62.110290527 -0.004480848 -0.229288816 -0.004472096 0.973337889
70.650000 1.441794634 1.323401690 62.244880676 -0.002398317 -0.237206355 -0.003124247 0.971451342
70.700000 1.385381460 1.325179577 62.375865936 -0.002665778 -0.244400471 0.001258792 0.969669878
70.750000 1.294299603 1.351808071 62.527309418 -0.004017178 -0.252529114 0.004450989 0.967570722
70.800000 1.261317253 1.339645624 62.723056793 -0.007467269 -0.265484124 0.006298118 0.964065790
70.850000 1.191810131 1.343556285 62.854854584 -0.014000742 -0.278241336 0.005545289 0.960393190
70.900000 1.112122059 1.340154886 62.998397827 -0.022902926 -0.288764268 0.004455019 0.957115948
70.950000 1.038240433 1.330386996 63.106834412 -0.029524578 -0.296611369 0.001927087 0.954539835
71.000000 0.962759018 1.314215302 63.242561340 -0.030766986 -0.303718358 0.000119204 0.952264965
71.050000 0.925597191 1.350243449 63.508960724 -0.025599858 -0.309555978 -0.001040813 0.950536013
71.100000 0.852216721 1.365449309 63.636501312 -0.017698765 -0.310509950 -0.002489416 0.950402141
71.150000 0.780155659 1.350962281 63.779262543 -0.009882196 -0.307725459 -0.005815378 0.951406121
71.200000 0.717746258 1.352507114 63.918472290 -0.003829397 -0.304695636 -0.008026709 0.952408254
71.250000 0.640410900 1.328492403 64.048416138 -0.000473533 -0.300701827 -0.008788207 0.953677595
71.300000 0.554654598 1.311367512 64.180496216 0.001536238 -0.295352787 -0.005709495 0.955369949
71.350000 0.507193089 1.309029341 64.327255249 0.001983961 -0.292731285 -0.000188213 0.956192672
71.400000 0.456686020 1.322413445 64.464515686 0.000921817 -0.292601258 0.004389295 0.956224024
71.450000 0.366373539 1.284791350 64.610977173 -0.000258541 -0.290075898 0.005117287 0.956989944
71.500000 0.284037590 1.285574079 64.750823975 0.002305337 -0.287131637 0.004886853 0.957875907
71.550000 0.206594467 1.294111490 64.880020142 0.007966803 -0.287322044 0.004687470 0.957789481
71.600000 0.140794277 1.304908752 65.019134521 0.013624161 -0.293737948 0.004523291 0.955778241
71.650000 0.081321716 1.321141720 65.176177979 0.015919339 -0.304490566 0.004202678 0.952373087
71.700000 -0.011624336 1.323311567 65.321121216 0.013561227 -0.315087438 0.002955474 0.948961198
71.750000 -0.067984581 1.309490442 65.438873291 0.008868565 -0.326359719 0.000780386 0.945203722
71.800000 -0.128686905 1.294441581 65.567001343 0.006245669 -0.338868618 -0.001530061 0.940811753
71.850000 -0.197314262 1.288934708 65.726966858 0.004497018 -0.352426052 -0.002316258 0.935826004
71.900000 -0.340908051 1.255481958 65.843330383 0.000351624 -0.361221105 -0.003598668 0.932473242
71.950000 -0.430254936 1.248690128 65.970397949 -0.000371522 -0.369595259 -0.003563423 0.929185987
72.000000 -0.550713539 1.249471903 66.118164062 0.002473020 -0.375014573 -0.004168771 0.927006304
72.050000 -0.633788109 1.270890355 66.218704224 0.007921459 -0.376718163 -0.004475123 0.926283240
72.100000 -0.734147072 1.281562328 66.352539062 0.013062009 -0.372818083 -0.006152397 0.927792132
72.150000 -0.851194382 1.287230134 66.496345520 0.016488917 -0.367196053 -0.009183504 0.929952085
72.200000 -0.929422379 1.293340206 66.598831177 0.018257348 -0.363016546 -0.008193036 0.931567788
72.250000 -1.037465096 1.299369335 66.734947205 0.018665772 -0.358493119 -0.005422007 0.933329999
72.300000 -1.130808830 1.305127382 66.855163574 0.016428260 -0.356825262 -0.002010118 0.934024513
72.350000 -1.217782021 1.237369299 66.982185364 0.007837182 -0.360481441 -0.001815796 0.932731688
72.400000 -1.328853607 1.239424109 67.124130249 0.000035283 -0.364611983 -0.000150512 0.931159556
72.450000 -1.394828796 1.260670066 67.225440979 -0.004420721 -0.367353380 0.001790747 0.930069208
72.500000 -1.497621536 1.277532101 67.347251892 -0.004841760 -0.368464649 0.001815153 0.929627359
72.550000 -1.605682373 1.286846995 67.491348267 -0.002374215 -0.372758597 0.002208093 0.927922726
72.600000 -1.683418274 1.284535885 67.625648499 0.000314426 -0.383148253 0.003773068 0.923679173
72.650000 -1.768664360 1.297510624 67.713356018 0.003197271 -0.394492567 0.006462484 0.918870866
72.700000 -1.871342659 1.280396581 67.821426392 0.002853751 -0.405372262 0.005587531 0.914130211
72.750000 -1.994237900 1.292002916 67.941284180 0.002571914 -0.415544510 0.004127775 0.909559846
72.800000 -2.079240799 1.273918390 68.005615234 -0.000505837 -0.427881807 0.001435128 0.903833449
72.850000 -2.190473557 1.269773245 68.093688965 -0.004692832 -0.438579828 -0.001305924 0.898679018
72.900000 -2.314960480 1.257785082 68.197769165 -0.009863104 -0.447800756 -0.004209988 0.894069076
72.950000 -2.380397797 1.243687391 68.261940002 -0.010993503 -0.459161222 -0.007659656 0.888251901
73.000000 -2.467939377 1.264946938 68.311485291 -0.004763846 -0.468545437 -0.010062102 0.883369267
73.050000 -2.541688919 1.266294003 68.349136353 0.004103736 -0.474086583 -0.012966990 0.880373180
73.100000 -2.622621536 1.258843899 68.380065918 0.010866410 -0.478875756 -0.014254614 0.877699673
73.150000 -2.690444946 1.251285315 68.415031433 0.011071157 -0.484286010 -0.015292786 0.874706089
73.200000 -2.760248184 1.250970840 68.454490662 0.006729069 -0.488361359 -0.016512811 0.872459292
73.250000 -2.837074280 1.248919964 68.490661621 -0.001358865 -0.494562298 -0.017447421 0.868966043
73.300000 -2.912248611 1.251857877 68.534751892 -0.010547918 -0.504435539 -0.019537671 0.863163829
73.350000 -3.023426056 1.248766184 68.602203369 -0.018463608 -0.513457775 -0.021285174 0.857652128
73.400000 -3.086236954 1.251161337 68.620735168 -0.021347223 -0.521217346 -0.020374758 0.852913618
73.450000 -3.186952591 1.254765868 68.684593201 -0.018571887 -0.527254343 -0.018268118 0.849308074
73.500000 -3.246530533 1.253370166 68.718162537 -0.013157140 -0.536787033 -0.015205600 0.843478143
73.550000 -3.363185883 1.259385347 68.780822754 -0.006329992 -0.545292258 -0.009564459 0.838167548
73.600000 -3.445266724 1.253014326 68.832572937 -0.001929740 -0.556757510 -0.003545863 0.830665290
73.650000 -3.501548767 1.241999865 68.858184814 -0.001389845 -0.568486571 -0.003216216 0.822685063
73.700000 -3.579216003 1.233685732 68.895256042 -0.002405254 -0.576879978 -0.005771266 0.816805065
73.750000 -3.651287079 1.226346731 68.925415039 -0.004224269 -0.585761666 -0.010251655 0.810407519
73.800000 -3.726173401 1.224491596 68.957992554 -0.007558618 -0.593218029 -0.013222300 0.804897726
73.850000 -3.802425385 1.219211817 68.999786377 -0.007565666 -0.601230800 -0.015240562 0.798894286
73.900000 -3.888641357 1.226085782 69.033599854 -0.002106570 -0.609337568 -0.014961769 0.792766929
73.950000 -3.968414307 1.228878498 69.067543030 0.005427869 -0.615661561 -0.012648810 0.787890553
74.000000 -4.072753906 1.235778809 69.093513489 0.013372887 -0.615661204 -0.010194410 0.787831545
74.050000 -4.162944794 1.233180046 69.125175476 0.020816511 -0.611905515 -0.009843261 0.790595651
74.100000 -4.270370483 1.228338361 69.157608032 0.024639860 -0.608750522 -0.011711854 0.792892516
74.150000 -4.361911774 1.222672582 69.185592651 0.025543075 -0.609003782 -0.012333911 0.792659998
74.200000 -4.439567566 1.204266310 69.209289551 0.020689206 -0.612078130 -0.013486008 0.790411592
74.250000 -4.522155762 1.195311546 69.234680176 0.016663803 -0.617006779 -0.014534167 0.786647141
74.300000 -4.610237122 1.195071697 69.259788513 0.013644747 -0.621695399 -0.015540438 0.782985985
74.350000 -4.714828491 1.192473531 69.281326294 0.013122101 -0.624265373 -0.015409588 0.780950189
74.400000 -4.824573517 1.209161401 69.287406921 0.019571831 -0.626787782 -0.015562325 0.778788745
74.450000 -4.949199677 1.233376503 69.305671692 0.030219911 -0.633497298 -0.011741810 0.773065388
74.500000 -5.059249878 1.243585110 69.323120117 0.040019549 -0.642540455 -0.005459930 0.765186548
74.550000 -5.178230286 1.225056171 69.341186523 0.046408609 -0.649810255 0.001692961 0.758676469
74.600000 -5.293281555 1.201705456 69.341163635 0.049478419 -0.656956136 0.005388783 0.752284169
74.650000 -5.405323029 1.169622898 69.341651917 0.046029098 -0.667562902 0.003138448 0.743122697
74.700000 -5.524803162 1.157783985 69.359672546 0.037054926 -0.678539753 -0.002132895 0.733625472
74.750000 -5.642917633 1.164745569 69.367614746 0.028545294 -0.685056806 -0.010501251 0.727854431
74.800000 -5.762641907 1.149262190 69.347923279 0.018440465 -0.686607838 -0.020715104 0.726498783
74.850000 -5.873527527 1.140227079 69.335990906 0.013477742 -0.687854111 -0.027409833 0.725206017
74.900000 -5.996677399 1.144396544 69.330886841 0.012813787 -0.689185798 -0.027636323 0.723944008
74.950000 -6.120754242 1.154417634 69.337234497 0.018911552 -0.689801335 -0.022134446 0.723413110
75.000000 -6.235424042 1.146740198 69.329544067 0.027237467 -0.686816156 -0.014512734 0.726175725
75.050000 -6.359115601 1.159401417 69.333732605 0.035698716 -0.682669997 -0.004016587 0.729843199
75.100000 -6.474948883 1.157665253 69.343658447 0.035898011 -0.678172648 0.005533034 0.734004498
75.150000 -6.593635559 1.146864176 69.361434937 0.030932255 -0.675719202 0.011484502 0.736420333
75.200000 -6.710243225 1.171949148 69.377944946 0.027472479 -0.675688565 0.016944177 0.736480296
75.250000 -6.827362061 1.194716930 69.418350220 0.022663338 -0.678885043 0.022415219 0.733552337
75.300000 -6.942600250 1.199933052 69.432441711 0.020006012 -0.677750230 0.025249653 0.734586179
75.350000 -7.055774689 1.210504770 69.450965881 0.021219255 -0.676733077 0.030510427 0.735289872
75.400000 -7.160495758 1.210064173 69.459739685 0.024248101 -0.675554693 0.036824282 0.735990405
75.450000 -7.271800995 1.212949276 69.477005005 0.026685093 -0.677034497 0.042717405 0.734225750
75.500000 -7.381317139 1.201263189 69.489471436 0.021925947 -0.679944992 0.046252001 0.731474400
75.550000 -7.481258392 1.191419601 69.497444153 0.016483586 -0.682393968 0.044137642 0.729464591
75.600000 -7.582042694 1.171985626 69.517807007 0.008397659 -0.683645785 0.036676612 0.728843451
75.650000 -7.679798126 1.147768021 69.532066345 0.001730909 -0.684408367 0.027397268 0.728581905
75.700000 -7.788597107 1.123223543 69.543731689 -0.004150759 -0.684686661 0.019615920 0.728561759
75.750000 -7.890552521 1.109732509 69.559562683 -0.004876814 -0.685231805 0.017291429 0.728103518
75.800000 -8.002395630 1.093654871 69.572708130 -0.001747895 -0.685204387 0.016225491 0.728168011
75.850000 -8.113197327 1.079799175 69.584297180 0.003895449 -0.681109309 0.019335924 0.731916010
75.900000 -8.212238312 1.062943816 69.602226257 0.010924183 -0.673505247 0.023213133 0.738737106
75.950000 -8.312633514 1.044022322 69.619316101 0.015195986 -0.665530801 0.028339792 0.745677412
76.000000 -8.410953522 1.022985935 69.637321472 0.015573886 -0.658729970 0.033836458 0.751456797
76.050000 -8.533309937 1.002281666 69.671020508 0.014171068 -0.652953982 0.038109753 0.756305456
76.100000 -8.638450623 0.980214119 69.701995850 0.012941505 -0.648666978 0.038925052 0.759966135
76.150000 -8.741146088 0.969488144 69.727287292 0.010683159 -0.642768145 0.037864927 0.765049756
76.200000 -8.843200684 0.957934856 69.754714966 0.006260649 -0.637208998 0.035987545 0.769824982
76.250000 -8.930671692 0.949879289 69.775245667 0.003280322 -0.632070184 0.035980832 0.774068415
76.300000 -9.016784668 0.945034027 69.797554016 0.002047990 -0.628784001 0.038377274 0.776629686
76.350000 -9.119426727 0.948761225 69.834991455 -0.001502055 -0.626600444 0.043869831 0.778103530
76.400000 -9.209133148 0.939728260 69.857307434 -0.007470178 -0.625208080 0.047234740 0.778991640
76.450000 -9.308795929 0.928636551 69.875335693 -0.013449778 -0.623917997 0.041219167 0.780286193
76.500000 -9.390415192 0.922693849 69.888267517 -0.018134270 -0.619705975 0.030716360 0.784023166
76.550000 -9.485187531 0.913407862 69.914955139 -0.025078362 -0.617538452 0.021881636 0.785836220
76.600000 -9.578136444 0.906137228 69.947448730 -0.034885976 -0.618613005 0.015319697 0.784771442
76.650000 -9.668869019 0.900397778 69.982070923 -0.042365450 -0.619604111 0.011010401 0.783693075
76.700000 -9.761413574 0.892955542 70.007812500 -0.042760745 -0.619416177 0.009571929 0.783838928
76.750000 -9.855918884 0.887169719 70.027053833 -0.034432359 -0.617546737 0.012165721 0.785685956
76.800000 -9.951385498 0.881846547 70.053489685 -0.019417319 -0.613174677 0.017043013 0.789524794
76.850000 -10.048488617 0.877605736 70.081184387 -0.001841209 -0.605616689 0.023509307 0.795407057
76.900000 -10.146739960 0.867351294 70.107429504 0.012029434 -0.597367704 0.029737936 0.801325619
76.950000 -10.226562500 0.848490477 70.126564026 0.019142849 -0.587960064 0.037307054 0.807802379
77.000000 -10.310298920 0.826384068 70.154449463 0.019593857 -0.580367267 0.046806451 0.812772393
77.050000 -10.409952164 0.807340145 70.185455322 0.015963595 -0.576270819 0.052437957 0.815418541
77.100000 -10.479925156 0.796383619 70.199401855 0.011866478 -0.572989225 0.053566154 0.817724407
77.150000 -10.578725815 0.789230585 70.222000122 0.008742026 -0.569095910 0.054019764 0.820448220
77.200000 -10.683597565 0.780375719 70.247589111 0.010489147 -0.565482080 0.053215701 0.822975218
77.250000 -10.782236099 0.776361704 70.277694702 0.016106388 -0.563626945 0.054367788 0.824080884
77.300000 -10.855815887 0.773960590 70.302886963 0.022806998 -0.565978527 0.057789840 0.822075725
77.350000 -10.957496643 0.769585133 70.340637207 0.026962824 -0.571261764 0.062492799 0.817941129
77.400000 -11.033731461 0.773253918 70.365653992 0.028254943 -0.576899648 0.064530864 0.813771665
77.450000 -11.107845306 0.774421215 70.384147644 0.025505409 -0.579810202 0.060137011 0.812128842
77.500000 -11.179254532 0.763370275 70.398239136 0.014678569 -0.582296729 0.051848266 0.811188519
77.550000 -11.288578033 0.757902384 70.427017212 -0.002579992 -0.583626628 0.046229526 0.810701013
77.600000 -11.376403809 0.751419425 70.451019287 -0.016702326 -0.582087457 0.041486453 0.811895370
77.650000 -11.475545883 0.749008894 70.476211548 -0.022412535 -0.578035474 0.039787337 0.814732850
77.700000 -11.576501846 0.746263981 70.518531799 -0.020686295 -0.571800232 0.041502997 0.819081247
77.750000 -11.690202713 0.756060600 70.543518066 -0.011490535 -0.559178770 0.044542253 0.827769935
77.800000 -11.790040970 0.748636484 70.574081421 -0.002471011 -0.543725848 0.047391012 0.837920129
77.850000 -11.886434555 0.744201660 70.609527588 0.001471142 -0.530810237 0.051745601 0.845908225
77.900000 -11.986888885 0.733924627 70.646766663 0.001052664 -0.518985987 0.055686887 0.852966309
77.950000 -12.072006226 0.727404118 70.685386658 -0.002176396 -0.508443117 0.056691930 0.859224617
78.000000 -12.158663750 0.720791578 70.728973389 -0.009042374 -0.499724001 0.053611133 0.864476740
78.050000 -12.245616913 0.717202783 70.776344299 -0.017911738 -0.491145819 0.050412551 0.869432926
78.100000 -12.322002411 0.712628365 70.814926147 -0.024068428 -0.482420325 0.047690794 0.874309421
78.150000 -12.400379181 0.706617355 70.858726501 -0.026003508 -0.474328101 0.045311574 0.878796637
78.200000 -12.478527069 0.707664728 70.917617798 -0.023625227 -0.468362957 0.047370620 0.881949008
78.250000 -12.533974648 0.701085210 70.974357605 -0.019730920 -0.466712326 0.050759528 0.882730901
78.300000 -12.583411217 0.698682308 71.017608643 -0.015331544 -0.466389954 0.057395592 0.882582068
78.350000 -12.709365845 0.707376480 71.079971313 -0.008964099 -0.463244081 0.059621658 0.884177506
78.400000 -12.786969185 0.696489096 71.149299622 -0.004197764 -0.459480643 0.057293635 0.886328042
78.450000 -12.847620010 0.693338633 71.207176208 -0.003361563 -0.453025103 0.052169703 0.889963627
78.500000 -12.914260864 0.683054686 71.261520386 -0.008427270 -0.444930404 0.047477555 0.894266069
78.550000 -12.976716995 0.675787091 71.315765381 -0.014182540 -0.438051999 0.043666456 0.897776484
78.600000 -13.048174858 0.668505788 71.379043579 -0.017509639 -0.432801247 0.038817767 0.900483072
78.650000 -13.111515045 0.684193611 71.441772461 -0.015543329 -0.427227855 0.034776494 0.903341234
78.700000 -13.173188210 0.679177880 71.501075745 -0.011993276 -0.418841481 0.028955908 0.907518327
78.750000 -13.269176483 0.674792290 71.577873230 -0.007208143 -0.410885960 0.027627572 0.911239564
78.800000 -13.346435547 0.670673370 71.653236389 -0.002168531 -0.404776692 0.029911119 0.913923681
78.850000 -13.408658981 0.667439461 71.731826782 -0.000787911 -0.398038477 0.033461843 0.916757882
78.900000 -13.486155510 0.658401132 71.818672180 -0.005682609 -0.391391277 0.034816816 0.919547975
78.950000 -13.563680649 0.637849212 71.875022888 -0.016576365 -0.387477458 0.036148019 0.921021104
79.000000 -13.628020287 0.629522741 71.939590454 -0.026101997 -0.384573519 0.038389452 0.921926320
79.050000 -13.684260368 0.636256695 72.010871887 -0.029174345 -0.380735189 0.040663291 0.923328817
79.100000 -13.754514694 0.639669180 72.091461182 -0.026937786 -0.376492530 0.042396590 0.925056934
79.150000 -13.824907303 0.654121876 72.171546936 -0.022522632 -0.374400407 0.045960505 0.925853491
79.200000 -13.910199165 0.673622847 72.247375488 -0.019851984 -0.375450790 0.050480340 0.925253689
79.250000 -13.984224319 0.670423150 72.334945679 -0.021430677 -0.378004223 0.054865170 0.923928261
79.300000 -14.051696777 0.659715056 72.418746948 -0.025260538 -0.379608661 0.054554526 0.923191726
79.350000 -14.121114731 0.648122668 72.471969604 -0.029351808 -0.380071402 0.050901376 0.923089027
79.400000 -14.202766418 0.639248967 72.543258667 -0.032650240 -0.383599371 0.048751224 0.921633780
79.450000 -14.253124237 0.624090195 72.631027222 -0.033539791 -0.389435947 0.048506837 0.919163704
79.500000 -14.336503983 0.630203485 72.712661743 -0.028010288 -0.393821895 0.048646871 0.917471111
79.550000 -14.404419899 0.630863786 72.782440186 -0.017801816 -0.396220207 0.048109002 0.916721463
79.600000 -14.463834763 0.616194844 72.826126099 -0.005977746 -0.392430037 0.045477744 0.918637395
79.650000 -14.529596329 0.615170002 72.883422852 0.003644493 -0.383126915 0.041752372 0.922744393
79.700000 -14.603158951 0.638520718 73.011863708 0.009394898 -0.375070155 0.037903924 0.926173508
79.750000 -14.676071167 0.635098696 73.093223572 0.010150565 -0.368397534 0.037415899 0.928859651
79.800000 -14.745104790 0.634944916 73.196563721 0.005938834 -0.364988118 0.038064308 0.930214763
79.850000 -14.833230972 0.638270497 73.303375244 -0.002378075 -0.363763720 0.037597287 0.930729151
79.900000 -14.894298553 0.613503337 73.362312317 -0.011238853 -0.361539572 0.037335176 0.931541204
79.950000 -14.966778755 0.612638235 73.440124512 -0.014305715 -0.356403887 0.037879437 0.933454216
80.000000 -15.021351814 0.621776223 73.513999939 -0.011784701 -0.351412565 0.038440883 0.935356975
80.050000 -15.096576691 0.627818465 73.615310669 -0.007792390 -0.350028843 0.040098824 0.935847819
80.100000 -15.170873642 0.631086469 73.703887939 -0.002739612 -0.352421492 0.041727547 0.934906602
80.150000 -15.217374802 0.639522910 73.739303589 0.000072610 -0.356151104 0.042850692 0.933445334
80.200000 -15.299365997 0.638563871 73.796089172 -0.001281841 -0.360528409 0.038745094 0.931942284
80.250000 -15.374675751 0.637463450 73.858528137 -0.007409999 -0.363176644 0.033822466 0.931076705
80.300000 -15.429384232 0.633730054 73.968879700 -0.015660727 -0.366105735 0.029136114 0.929985225
80.350000 -15.498007774 0.616082609 74.074241638 -0.023441100 -0.369952738 0.026820766 0.928367436
80.400000 -15.559470177 0.613205612 74.161842346 -0.025832960 -0.372947901 0.026616355 0.927110612
80.450000 -15.630111694 0.612191498 74.233558655 -0.022223098 -0.374347717 0.026012721 0.926657021
80.500000 -15.700336456 0.615721464 74.320098877 -0.013848561 -0.372430116 0.025228227 0.927613914
80.550000 -15.772646904 0.614644229 74.406883240 -0.005577479 -0.365122199 0.022509156 0.930670798
80.600000 -15.836944580 0.633352876 74.495552063 -0.002729026 -0.357785523 0.019997692 0.933585644
80.650000 -15.890179634 0.620783746 74.578712463 -0.006988635 -0.353074193 0.021307237 0.935326576
80.700000 -15.960895538 0.614339650 74.666984558 -0.013782635 -0.350108653 0.022590155 0.936335206
80.750000 -16.033433914 0.608972847 74.752876282 -0.021073926 -0.348477960 0.020647047 0.936852574
80.800000 -16.076738358 0.599340916 74.830444336 -0.027311973 -0.346846282 0.019156819 0.937328517
80.850000 -16.155794144 0.603927791 74.927040100 -0.029163091 -0.343612164 0.019650100 0.938453019
80.900000 -16.224216461 0.602034032 75.008659363 -0.026045989 -0.340812385 0.021197736 0.939531386
80.950000 -16.292037964 0.613404095 75.102691650 -0.019851228 -0.341493398 0.025337489 0.939332843
81.000000 -16.368284225 0.626535416 75.197227478 -0.013300838 -0.344205886 0.028605634 0.938364089
81.050000 -16.423959732 0.619925380 75.279617310 -0.010560288 -0.349170268 0.031074053 0.936484396
81.100000 -16.498340607 0.618189573 75.367706299 -0.010830714 -0.352920741 0.027790945 0.935177684
81.150000 -16.568334579 0.609368324 75.447883606 -0.016747687 -0.355210841 0.025618548 0.934284985
81.200000 -16.619714737 0.595092118 75.515304565 -0.026066730 -0.358733773 0.025443446 0.932728946
81.250000 -16.698776245 0.597449780 75.605873108 -0.032921381 -0.362027347 0.024835158 0.931254864
81.300000 -16.773771286 0.603615105 75.670936584 -0.034055788 -0.364828646 0.023543943 0.930153728
81.350000 -16.828804016 0.598501205 75.754722595 -0.029653026 -0.367752969 0.020896774 0.929215670
81.400000 -16.911964417 0.612636328 75.846862793 -0.022114888 -0.367373526 0.018113969 0.929634094
81.450000 -16.984643936 0.616571784 75.905960083 -0.016130496 -0.363683730 0.016521510 0.931236267
81.500000 -17.053955078 0.623071134 76.000709534 -0.016034042 -0.360620201 0.019750623 0.932365775
81.550000 -17.131088257 0.603192389 76.043502808 -0.022194212 -0.358127832 0.024152553 0.933096230
81.600000 -17.220279694 0.605859578 76.157432556 -0.028400362 -0.355842978 0.026479222 0.933738768
81.650000 -17.274517059 0.593087316 76.232818604 -0.034963842 -0.354571283 0.027375523 0.933973968
81.700000 -17.344802856 0.591462731 76.323730469 -0.039360419 -0.353495926 0.029276503 0.934148967
81.750000 -17.421236038 0.596584082 76.409233093 -0.040155835 -0.350955755 0.029064057 0.935079098
81.800000 -17.480791092 0.595733166 76.498680115 -0.039183769 -0.348894387 0.027559336 0.935936868
81.850000 -17.544271469 0.600354135 76.594276428 -0.037169114 -0.347614586 0.027648952 0.936492443
81.900000 -17.615558624 0.595427871 76.698059082 -0.036218222 -0.346779883 0.029790685 0.936773419
81.950000 -17.698459625 0.603968620 76.788475037 -0.037961610 -0.350300789 0.029526010 0.935401797
82.000000 -17.763677597 0.594892144 76.872215271 -0.045022547 -0.353579134 0.025514178 0.933972120
82.050000 -17.822145462 0.575411379 76.971725464 -0.055334292 -0.355297029 0.022438828 0.932844400
82.100000 -17.880203247 0.573649526 77.045143127 -0.063557930 -0.356905967 0.019261146 0.931776524
82.150000 -17.979534149 0.580003619 77.139892578 -0.064763032 -0.356690019 0.015398501 0.931848109
82.200000 -18.030189514 0.576183975 77.209609985 -0.059305381 -0.358966172 0.014052271 0.931358516
82.250000 -18.115640640 0.588470399 77.316040039 -0.046633009 -0.361253917 0.012726570 0.931213737
82.300000 -18.192993164 0.594506264 77.401290894 -0.033568144 -0.358772993 0.010980415 0.932756424
82.350000 -18.253911972 0.590837002 77.490600586 -0.024947964 -0.355336159 0.009245799 0.934359848
82.400000 -18.336074829 0.586724281 77.578933716 -0.024701290 -0.351333678 0.011002080 0.935859740
82.450000 -18.420639038 0.580801249 77.674118042 -0.031484652 -0.350042015 0.013346024 0.936109662
82.500000 -18.491779327 0.570051432 77.763137817 -0.041031983 -0.349386811 0.015230823 0.935955822
82.550000 -18.549367905 0.563096344 77.840530396 -0.048193421 -0.347749054 0.015529312 0.936219454
82.600000 -18.624507904 0.566703379 77.934219360 -0.051662907 -0.346722960 0.017506704 0.936380088
82.650000 -18.695058823 0.560058296 78.014266968 -0.051319014 -0.346181870 0.021099281 0.936525166
82.700000 -18.763942719 0.589169800 78.095787048 -0.044687252 -0.345226377 0.023956235 0.937148809
82.750000 -18.834274292 0.583038807 78.211006165 -0.038406473 -0.345775247 0.027260568 0.937134624
82.800000 -18.893218994 0.570343494 78.289962769 -0.034548793 -0.348558336 0.030633640 0.936149061
82.850000 -18.971731186 0.572610140 78.384338379 -0.036186382 -0.352771938 0.028387312 0.934578359
82.900000 -19.030658722 0.559630692 78.464309692 -0.045102462 -0.353604019 0.021922544 0.934049964
82.950000 -19.108318329 0.556294024 78.549957275 -0.054392360 -0.351753294 0.014839577 0.934393346
83.000000 -19.173536301 0.548225880 78.649528503 -0.060693484 -0.352434129 0.010661032 0.933805585
83.050000 -19.249349594 0.549560547 78.723876953 -0.059564766 -0.353555143 0.008057664 0.933480501
83.100000 -19.323890686 0.571092844 78.759735107 -0.048778284 -0.353233278 0.005907393 0.934244096
83.150000 -19.406929016 0.585139811 78.836174011 -0.032897312 -0.349145561 0.005290587 0.936475992
83.200000 -19.466350555 0.580673516 78.926956177 -0.017610563 -0.343089938 0.006785522 0.939112961
83.250000 -19.549751282 0.579214513 79.004119873 -0.006657755 -0.338503003 0.012007628 0.940865159
83.300000 -19.617549896 0.562661052 79.075729370 -0.001798098 -0.334527284 0.017972952 0.942212939
83.350000 -19.697496414 0.555233002 79.161132812 -0.002208618 -0.331001163 0.021590658 0.943380773
83.400000 -19.765714645 0.545365810 79.246582031 -0.007114894 -0.329430252 0.022377469 0.943887949
83.450000 -19.839874268 0.550491750 79.325294495 -0.011846862 -0.326626629 0.020275429 0.944861710
83.500000 -19.902706146 0.547364652 79.415275574 -0.014713567 -0.325037032 0.020127648 0.945372581
83.550000 -19.977258682 0.535492599 79.596626282 -0.013047760 -0.325701594 0.021896500 0.945129037
83.600000 -20.035182953 0.536775470 79.675064087 -0.007832896 -0.326776892 0.025669252 0.944720447
83.650000 -20.123195648 0.546004176 79.758262634 -0.000797736 -0.329454154 0.030028846 0.943693638
83.700000 -20.189561844 0.545581698 79.856056213 0.001215092 -0.336653382 0.030707179 0.941127062
83.750000 -20.269824982 0.552211761 79.933937073 -0.002887612 -0.342125565 0.026172608 0.939285219
83.800000 -20.323596954 0.522994518 80.005630493 -0.013238319 -0.344249368 0.022307357 0.938519835
83.850000 -20.400974274 0.528485060 80.104728699 -0.023154018 -0.345411152 0.018301960 0.937987268
83.900000 -20.487888336 0.529662848 80.200256348 -0.029913282 -0.345933735 0.014533492 0.937669396
83.950000 -20.565925598 0.533494830 80.274444580 -0.029272081 -0.347291052 0.011269386 0.937232673
84.000000 -20.638059616 0.541703105 80.387947083 -0.022232505 -0.347723365 0.009072548 0.937289655
84.050000 -20.704811096 0.543333471 80.487739563 -0.012587273 -0.343079835 0.006688861 0.939198077
84.100000 -20.768449783 0.538620174 80.562744141 -0.006883477 -0.336463064 0.005474268 0.941655576
84.150000 -20.839281082 0.540782452 80.653953552 -0.008198720 -0.330812812 0.007712266 0.943629265
84.200000 -20.904708862 0.528238058 80.746330261 -0.014578130 -0.327035248 0.010375576 0.944842696
84.250000 -20.973962784 0.522372842 80.828643799 -0.021776082 -0.325518936 0.011416174 0.945215821
84.300000 -21.039175034 0.519581795 80.926116943 -0.025929194 -0.324025363 0.011444591 0.945623755
84.350000 -21.123214722 0.522583365 81.006187439 -0.026436245 -0.320921272 0.010578678 0.946677744
84.400000 -21.187417984 0.528481185 81.075820923 -0.022892594 -0.319403559 0.010941879 0.947279096
84.450000 -21.224807739 0.533126950 81.150474548 -0.017374109 -0.319848925 0.013625375 0.947211266
84.500000 -21.339778900 0.548733830 81.273483276 -0.009793183 -0.320889026 0.016447200 0.946923375
84.550000 -21.394748688 0.537242889 81.358146667 -0.005505058 -0.325580001 0.017655531 0.945333660
84.600000 -21.481218338 0.528668046 81.461067200 -0.008397935 -0.330525666 0.014226963 0.943652391
84.650000 -21.576400757 0.527045310 81.560195923 -0.017391946 -0.333099246 0.009857893 0.942679822
84.700000 -21.594537735 0.527585387 81.582550049 -0.028156061 -0.335870594 0.007140886 0.941460133
84.750000 -21.619449615 0.509631395 81.698524475 -0.035671666 -0.339204043 0.005533282 0.940019965
84.800000 -21.711944580 0.525613010 81.796615601 -0.036011711 -0.340538085 0.003182377 0.939535439
84.850000 -21.790281296 0.536990523 81.886169434 -0.030835563 -0.340351969 0.000881386 0.939791977
84.900000 -21.858896255 0.543086410 81.976959229 -0.023628926 -0.335627913 -0.001938201 0.941696286
84.950000 -21.929239273 0.544003844 82.070388794 -0.019662790 -0.330742747 -0.003406847 0.943509996
85.000000 -22.005947113 0.541195035 82.148773193 -0.023700261 -0.326754302 0.000368253 0.944812059
85.050000 -22.074005127 0.541596055 82.212509155 -0.031681336 -0.324877381 0.004115476 0.945216417
85.100000 -22.133224487 0.524043560 82.294250488 -0.039081030 -0.324946612 0.006277317 0.944903731
85.150000 -22.209373474 0.542214751 82.454574585 -0.042531759 -0.325073570 0.005929378 0.944713235
85.200000 -22.308679581 0.550079882 82.559799194 -0.043570433 -0.323063195 0.003878346 0.945365965
85.250000 -22.368431091 0.558283091 82.644165039 -0.042613365 -0.320294470 0.003818747 0.946351409
85.300000 -22.439344406 0.560434043 82.681358337 -0.039241247 -0.317316204 0.005048086 0.947494090
85.350000 -22.531671524 0.553382277 82.778442383 -0.036222368 -0.317865580 0.009524831 0.947395742
85.400000 -22.586410522 0.536193848 82.843063354 -0.038164094 -0.325006157 0.015314029 0.944817424
85.450000 -22.677856445 0.540313601 82.939331055 -0.042669438 -0.330142796 0.017012646 0.942812622
85.500000 -22.764081955 0.538709760 83.020431519 -0.046781261 -0.328585416 0.015813654 0.943182409
85.550000 -22.793846130 0.503639698 83.119834900 -0.052018136 -0.328691185 0.014477561 0.942892671
85.600000 -22.813045502 0.499633431 83.180679321 -0.051564574 -0.329410583 0.010028655 0.942724347
85.650000 -22.875999451 0.490450174 83.251739502 -0.045654189 -0.331065208 0.006080096 0.942483246
85.700000 -22.958343506 0.493231565 83.361373901 -0.034619033 -0.333093643 0.003079690 0.942252994
85.750000 -23.036382675 0.493147522 83.450546265 -0.021873301 -0.331764579 0.000414921 0.943108499
85.800000 -23.084438324 0.486528993 83.533767700 -0.011357838 -0.328640193 0.001397594 0.944385886
85.850000 -23.192403793 0.487433523 83.652214050 -0.007405530 -0.325987428 0.005543899 0.945328832
85.900000 -23.222831726 0.470107108 83.723953247 -0.009754436 -0.324535102 0.009668546 0.945773959
85.950000 -23.284561157 0.467042685 83.775314331 -0.012881078 -0.323797971 0.011798247 0.945964992
86.000000 -23.383951187 0.469781548 83.857467651 -0.013961020 -0.321931183 0.012663730 0.946575463
86.050000 -23.467201233 0.467367738 83.935272217 -0.013137075 -0.318757445 0.013337432 0.947651446
86.100000 -23.508167267 0.480897963 84.044189453 -0.011344987 -0.317360967 0.017145623 0.948081970
86.150000 -23.573799133 0.473694623 84.131683350 -0.007742887 -0.316965759 0.021650558 0.948158205
86.200000 -23.664091110 0.481236577 84.224723816 -0.003476613 -0.319203675 0.026461501 0.947310269
86.250000 -23.740369797 0.462944627 84.328262329 -0.003832957 -0.322070241 0.024907339 0.946380317
86.300000 -23.814439774 0.477782607 84.386978149 -0.007431090 -0.320792973 0.018359944 0.946942210
86.350000 -23.875497818 0.472564071 84.499412537 -0.012978413 -0.318499833 0.009895195 0.947782397
86.400000 -23.953273773 0.475734979 84.590866089 -0.019590981 -0.314994484 0.002366076 0.948888361
86.450000 -24.018211365 0.463191032 84.674827576 -0.024687659 -0.311713874 -0.003557166 0.949848592
86.500000 -24.072748184 0.465595961 84.772026062 -0.023954345 -0.310580999 -0.006950719 0.950219631
86.550000 -24.156497955 0.475297421 84.875579834 -0.019614728 -0.307783246 -0.007376745 0.951225698
86.600000 -24.198852539 0.460660756 84.950462341 -0.014336522 -0.305879503 -0.004017947 0.951953828
86.650000 -24.265975952 0.475546956 85.028129578 -0.010788449 -0.306303799 0.002330293 0.951869845
86.700000 -24.363431931 0.481475562 85.119720459 -0.014126156 -0.307311952 0.010659456 0.951444268
86.750000 -24.503101349 0.470720679 85.339675903 -0.022144822 -0.309026212 0.015994543 0.950661182
86.800000 -24.565933228 0.466579199 85.420783997 -0.031170577 -0.309967399 0.018816909 0.950049758
86.850000 -24.615558624 0.459631532 85.485008240 -0.040701747 -0.308327049 0.019303316 0.950213253
86.900000 -24.692050934 0.465867728 85.581596375 -0.046201043 -0.305911124 0.018994847 0.950748682
86.950000 -24.784723282 0.476797760 85.688621521 -0.046195816 -0.302977890 0.019168830 0.951684237
87.000000 -24.848052979 0.489028841 85.744712830 -0.042749774 -0.300240874 0.021788325 0.952655852
87.050000 -24.920370102 0.468085945 85.815093994 -0.039608594 -0.303305298 0.025463106 0.951729298
87.100000 -25.015598297 0.477820396 85.925193787 -0.037468471 -0.309906363 0.023041563 0.949749053
87.150000 -25.062931061 0.444514155 86.011802673 -0.041171212 -0.313953042 0.017824590 0.948377907
87.200000 -25.121799469 0.474863470 86.126998901 -0.046142623 -0.317572117 0.013184818 0.947018981
87.250000 -25.211080551 0.471208483 86.165542603 -0.049924523 -0.319168001 0.009351865 0.946336031
87.300000 -25.289693832 0.453702509 86.330963135 -0.049736019 -0.321118712 0.008480548 0.945694029
87.350000 -25.324153900 0.427940249 86.451248169 -0.043838203 -0.321919233 0.007623088 0.945720971
87.400000 -25.442316055 0.476718217 86.423034668 -0.032267734 -0.316558331 0.004780847 0.948011994
87.450000 -25.520738602 0.483992338 86.492980957 -0.022713108 -0.312085986 0.004444136 0.949771941
87.500000 -25.588724136 0.479060292 86.647628784 -0.020453881 -0.311395139 0.009429590 0.950013578
87.550000 -25.661312103 0.451151907 86.707382202 -0.024502160 -0.311412036 0.013303031 0.949865937
87.600000 -25.760108948 0.470512092 86.816589355 -0.029721159 -0.312088877 0.014770729 0.949473023
87.650000 -25.756692886 0.464441538 86.883804321 -0.035166442 -0.315703750 0.013175255 0.948114395
87.700000 -25.841686249 0.446465462 86.992042542 -0.041558627 -0.317126751 0.012561219 0.947388947
87.750000 -25.963050842 0.456471801 87.123634338 -0.043948986 -0.318593800 0.012136525 0.946794152
87.800000 -25.980964661 0.450182885 87.169036865 -0.043044183 -0.320894122 0.014395605 0.946026921
87.850000 -26.042400360 0.445668280 87.248481750 -0.037511349 -0.324319780 0.019128487 0.945009887
87.900000 -26.101390839 0.451252043 87.342208862 -0.030410264 -0.332914263 0.021833489 0.942213655
87.950000 -26.197490692 0.452648073 87.446250916 -0.028067721 -0.341823876 0.017103588 0.939189076
88.000000 -26.194213867 0.452735960 87.415573120 -0.031766560 -0.345311642 0.011394200 0.937881112
88.050000 -26.264694214 0.457555532 87.518203735 -0.036289390 -0.348695010 0.008309371 0.936496615
88.100000 -26.346458435 0.443139076 87.611122131 -0.040767856 -0.351755917 0.007320861 0.935174942
88.150000 -26.403121948 0.396224916 87.696136475 -0.041902911 -0.353711873 0.005636597 0.934398413
88.200000 -26.497180939 0.407957226 87.810356140 -0.035734337 -0.354093581 0.002985993 0.934522271
88.250000 -26.579627991 0.458568275 87.898422241 -0.025057867 -0.351210743 0.000034881 0.935961127
88.300000 -26.630607605 0.441146165 87.982711792 -0.015079612 -0.347042531 -0.002164182 0.937725663
88.350000 -26.702232361 0.428574145 88.113670349 -0.011239972 -0.342915088 0.000460694 0.939299107
88.400000 -26.803592682 0.430898309 88.205810547 -0.015595563 -0.340906262 0.004291400 0.939958155
88.450000 -26.859674454 0.419448912 88.277557373 -0.022593958 -0.341464996 0.005398057 0.939607382
88.500000 -26.953090668 0.433420241 88.414665222 -0.028164502 -0.343299448 0.004606851 0.938792348
88.550000 -27.018440247 0.409260690 88.433036804 -0.032068092 -0.341329277 0.003157411 0.939391315
88.600000 -27.074275970 0.415933967 88.536666870 -0.032355681 -0.338562608 0.003439152 0.940381169
88.650000 -27.174972534 0.407430857 88.654228210 -0.029146416 -0.336566687 0.006412509 0.941186607
88.700000 -27.263473511 0.433608770 88.791458130 -0.021351825 -0.337250650 0.010647353 0.941112518
88.750000 -27.318954468 0.416683823 88.853988647 -0.014348784 -0.341577917 0.014321234 0.939634800
88.800000 -27.399011612 0.420828938 88.941055298 -0.011231540 -0.346351206 0.012797144 0.937950373
88.850000 -27.465854645 0.425486654 88.947357178 -0.013389993 -0.347140700 0.008363619 0.937680185
88.900000 -27.720045090 0.425122738 89.140678406 -0.019617956 -0.350048572 0.005547584 0.936509728
88.950000 -27.812242508 0.424238443 89.239830017 -0.025988616 -0.352675319 0.001447343 0.935383677
89.000000 -27.895456314 0.412156343 89.327987671 -0.028642414 -0.352498651 -0.002789520 0.935369730
89.050000 -28.001880646 0.429110765 89.440307617 -0.024764871 -0.351257980 -0.005512857 0.935934961
89.100000 -28.037303925 0.430580556 89.510040283 -0.019542614 -0.347119600 -0.009130066 0.937572837
89.150000 -28.100578308 0.441289067 89.584785461 -0.013351455 -0.342326492 -0.012054335 0.939408898
89.200000 -28.174030304 0.436114758 89.672599792 -0.012703444 -0.338191181 -0.008133250 0.940956533
89.250000 -28.258695602 0.423501074 89.770744324 -0.016739443 -0.336199373 -0.000857118 0.941641688
89.300000 -28.300430298 0.436860800 89.783927917 -0.019510398 -0.334171504 0.002099829 0.942308009
89.350000 -28.282838821 0.411147267 89.934478760 -0.022629965 -0.335306287 0.002377395 0.941834390
89.400000 -28.353302002 0.399161994 90.013259888 -0.023913965 -0.334322929 0.001748303 0.942153513
89.450000 -28.426549911 0.393367261 90.096420288 -0.023045907 -0.335474253 0.003649279 0.941760361
89.500000 -28.496234894 0.399238050 90.199501038 -0.019655338 -0.338631362 0.009257930 0.940668225
89.550000 -28.570953369 0.407765806 90.268875122 -0.011789107 -0.342323363 0.014605334 0.939394712
89.600000 -28.654302597 0.409290195 90.376747131 -0.003754483 -0.349111497 0.018156825 0.936897755
89.650000 -28.725284576 0.388777733 90.451553345 0.002082544 -0.354992449 0.015869923 0.934732139
89.700000 -28.804389954 0.398664296 90.498504639 0.002614317 -0.357259989 0.013308858 0.933906496
89.750000 -28.884855270 0.393845260 90.595771790 -0.002461038 -0.361839920 0.010444651 0.932178497
89.800000 -28.952957153 0.380986869 90.661483765 -0.010637695 -0.367675543 0.009056731 0.929849207
89.850000 -29.035446167 0.387562513 90.759010315 -0.014596732 -0.372820377 0.007557636 0.927757978
89.900000 -29.110942841 0.396245658 90.833724976 -0.013370664 -0.376008332 0.006361774 0.926497996
89.950000 -29.169784546 0.396318585 90.916564941 -0.008607106 -0.375713021 0.003321275 0.926690161
90.000000 -29.247173309 0.394846439 90.995323181 -0.001757725 -0.371867269 0.000768107 0.928283930
90.050000 -29.276371002 0.396838248 91.064544678 0.004164563 -0.365896225 0.000437986 0.930646241
90.100000 -29.377180099 0.393377274 91.170227051 0.005399388 -0.360563040 0.001749588 0.932717621
90.150000 -29.462081909 0.381992400 91.298896790 0.000585703 -0.356595218 0.003778922 0.934251189
90.200000 -29.515514374 0.350603700 91.443527222 -0.007592871 -0.353907257 0.004774478 0.935237527
90.250000 -29.594577789 0.356301129 91.555419922 -0.012946852 -0.349259764 0.005187372 0.936922193
90.300000 -29.662855148 0.372871488 91.627746582 -0.014922372 -0.344530553 0.007409916 0.938627303
90.350000 -29.735061646 0.358520716 91.718353271 -0.014296425 -0.345537543 0.011799324 0.938221812
90.400000 -29.835388184 0.362305939 91.834594727 -0.009610363 -0.349549323 0.017983228 0.936696112
90.450000 -29.914089203 0.359281540 91.945648193 -0.002693005 -0.359297961 0.021991342 0.932959914
90.500000 -30.005695343 0.350923419 92.042335510 0.001909166 -0.370225102 0.018922850 0.928747356
90.550000 -30.062503815 0.345332623 92.133544922 0.000484461 -0.375962108 0.015099770 0.926511943
90.600000 -30.144634247 0.328885257 92.249267578 -0.005346608 -0.378882557 0.012258311 0.925348103
90.650000 -30.222087860 0.314217657 92.353675842 -0.012449028 -0.381940365 0.010146061 0.924047470
90.700000 -30.275875092 0.316864431 92.383415222 -0.016279362 -0.385486335 0.008731931 0.922528625
90.750000 -30.341377258 0.292217791 92.445709229 -0.015295647 -0.386804342 0.007084990 0.922007799
90.800000 -30.404161453 0.356352150 92.435379028 -0.008342644 -0.381551415 0.003050468 0.924304962
90.850000 -30.476989746 0.370403588 92.524589539 -0.001312296 -0.376387507 -0.001412053 0.926460326
90.900000 -30.557579041 0.352260113 92.688629150 0.000166035 -0.372275054 -0.001194155 0.928121686
90.950000 -30.624311447 0.356161773 92.787895203 -0.002820703 -0.369549394 -0.001315116 0.929205894
91.000000 -30.687158585 0.329697192 92.724945068 -0.010633129 -0.366316646 -0.003311696 0.930423617
91.050000 -30.770881653 0.345452189 92.842597961 -0.016289670 -0.363382429 -0.003820178 0.931489825
91.100000 -30.892890930 0.350033164 93.056144714 -0.022171035 -0.359556526 -0.001084117 0.932859242
91.150000 -30.951026917 0.338988066 93.130020142 -0.024371045 -0.354804844 0.002432212 0.934619546
91.200000 -31.016414642 0.334774911 93.205757141 -0.020630399 -0.352682531 0.006818459 0.935490787
91.250000 -31.086200714 0.345835388 93.271171570 -0.014084088 -0.354336798 0.013798189 0.934909999
91.300000 -31.144451141 0.345136940 93.330368042 -0.007705312 -0.360616028 0.017549263 0.932517409
91.350000 -31.239997864 0.358124256 93.426101685 -0.003549903 -0.365988046 0.016711734 0.930462778
91.400000 -31.301681519 0.345945299 93.477119446 -0.003851672 -0.367995948 0.011379009 0.929749787
91.450000 -31.382017136 0.342477262 93.583068848 -0.009103591 -0.369493216 0.006171046 0.929168403
91.500000 -31.474948883 0.346286476 93.653503418 -0.013313351 -0.371305674 0.001399765 0.928414226
91.550000 -31.519241333 0.342601776 93.725112915 -0.012007179 -0.375212669 -0.001550877 0.926859736
91.600000 -31.589796066 0.319504499 93.813049316 -0.006333165 -0.377934396 -0.003325966 0.925804734
91.650000 -31.673406601 0.345500708 93.909889221 -0.001864728 -0.377569228 -0.004624844 0.925967932
91.700000 -31.747226715 0.362485558 93.961433411 0.000794472 -0.373884052 -0.004362470 0.927464843
91.750000 -31.804214478 0.356653541 94.020019531 0.001196437 -0.366483331 -0.001422346 0.930422783
91.800000 -31.883415222 0.373198211 94.114814758 -0.002571002 -0.357054889 0.003364231 0.934073865
91.850000 -31.951019287 0.358558476 94.170661926 -0.014294313 -0.350936443 0.004057090 0.936281383
91.900000 -32.005302429 0.320313573 94.290054321 -0.027986016 -0.350507736 0.004013145 0.936133027
91.950000 -32.058929443 0.312022835 94.465103149 -0.036479771 -0.348146498 0.004317692 0.936720133
92.000000 -32.182514191 0.312754810 94.616729736 -0.038110666 -0.342325360 0.005296228 0.938793302
92.050000 -32.250019073 0.315243989 94.700180054 -0.033690851 -0.337204039 0.006368170 0.940806985
92.100000 -32.309104919 0.315147668 94.783828735 -0.024964903 -0.332061172 0.009152172 0.942883015
92.150000 -32.409088135 0.328440309 94.877029419 -0.014261557 -0.331438750 0.013347507 0.943274558
92.200000 -32.485904694 0.329345405 94.970787048 -0.006749192 -0.333805561 0.012077315 0.942540407
92.250000 -32.552402496 0.325116336 95.087150574 -0.005708511 -0.334479809 0.007889662 0.942352653
92.300000 -32.646541595 0.296441227 95.164993286 -0.011793620 -0.334911555 0.004601935 0.942164540
92.350000 -32.713275909 0.299247980 95.239440918 -0.019126043 -0.338758558 0.002793303 0.940674782
92.400000 -32.795288086 0.307750314 95.312545776 -0.022525119 -0.343187749 0.002592406 0.938993156
92.450000 -32.850669861 0.279834569 95.428146362 -0.021867344 -0.347283304 0.002182639 0.937502742
92.500000 -32.913040161 0.288865924 95.523185730 -0.017415952 -0.345319569 0.000539045 0.938323379
92.550000 -32.996818542 0.293689281 95.604347229 -0.012056481 -0.340960234 -0.001650904 0.939998984
92.600000 -33.095077515 0.312024236 95.695396423 -0.008959289 -0.335782170 -0.000315722 0.941897035
92.650000 -33.167255402 0.288879037 95.803787231 -0.012621706 -0.332484126 0.003181415 0.943019032
92.700000 -33.230316162 0.270231873 95.889549255 -0.020121077 -0.331664354 0.006315863 0.943161726
92.750000 -33.290252686 0.272448063 95.939163208 -0.025591725 -0.331025809 0.008555183 0.943235815
92.800000 -33.339187622 0.270377040 96.024581909 -0.028329520 -0.328743786 0.009393801 0.943947434
92.850000 -33.425666809 0.297032416 96.149818420 -0.027332719 -0.327466071 0.010529622 0.944408834
92.900000 -33.498340607 0.275732040 96.261299133 -0.023679467 -0.329335600 0.011518647 0.943845689
92.950000 -33.519104004 0.273533791 96.278381348 -0.016759444 -0.333037585 0.013577265 0.942666888
93.000000 -33.591552734 0.275611341 96.360221863 -0.012044970 -0.342216820 0.014719580 0.939428508
93.050000 -33.651496887 0.274262995 96.435096741 -0.012688286 -0.349206477 0.010005848 0.936906457
93.100000 -33.741039276 0.270822734 96.537109375 -0.017637866 -0.352562279 0.002831003 0.935617805
93.150000 -33.812469482 0.283630490 96.602294922 -0.022757076 -0.356819212 -0.004376187 0.933885992
93.200000 -33.865394592 0.278238773 96.653274536 -0.028164580 -0.364043087 -0.009260616 0.930910110
93.250000 -33.957172394 0.284429908 96.757987976 -0.030331280 -0.370960951 -0.011547629 0.928081155
93.300000 -34.019031525 0.292207241 96.821784973 -0.027989192 -0.374098569 -0.012051707 0.926888168
93.350000 -34.102569580 0.306191683 96.905166626 -0.023249405 -0.371405780 -0.011188665 0.928112149
93.400000 -34.186058044 0.307224870 97.009689331 -0.015892392 -0.367258161 -0.010487053 0.929924130
93.450000 -34.251625061 0.308601290 97.075721741 -0.010778333 -0.363031060 -0.006591125 0.931691408
93.500000 -34.343864441 0.305659801 97.161048889 -0.012231230 -0.360466719 -0.000874528 0.932691514
93.550000 -34.401977539 0.283906639 97.249435425 -0.021682028 -0.360952735 0.005063247 0.932318330
93.600000 -34.472553253 0.274867892 97.347488403 -0.028122295 -0.360469759 0.006840249 0.932321846
93.650000 -34.556350708 0.269159049 97.429519653 -0.029693743 -0.357270509 0.008401161 0.933491051
93.700000 -34.638084412 0.273239106 97.525016785 -0.025143458 -0.354914993 0.011327958 0.934491754
93.750000 -34.704715729 0.276811302 97.611114502 -0.016063327 -0.354632825 0.016544340 0.934721291
93.800000 -34.777667999 0.258360028 97.694610596 -0.004044828 -0.356398374 0.022102669 0.934063852
93.850000 -34.855800629 0.228558540 97.809791565 0.006574591 -0.364075482 0.028221183 0.930918574
93.900000 -34.957592010 0.227334261 97.887771606 0.016020553 -0.374186546 0.026851067 0.926826179
93.950000 -35.000080109 0.209684610 97.998847961 0.014933927 -0.384994656 0.022736777 0.922517836
94.000000 -35.039192200 0.211949229 98.107948303 0.004602715 -0.392204732 0.015417931 0.919737220
94.050000 -35.128150940 0.214728117 98.164192200 -0.011166223 -0.395970076 0.007013582 0.918168783
94.100000 -35.182670593 0.213625073 98.238334656 -0.025784673 -0.401532918 0.000416656 0.915481508
94.150000 -35.246459961 0.225864291 98.312751770 -0.032778140 -0.405257285 -0.004859604 0.913601935
94.200000 -35.322223663 0.233155012 98.394973755 -0.032364774 -0.404119134 -0.009674196 0.914082408
94.250000 -35.385124207 0.247295260 98.471801758 -0.026408257 -0.400085479 -0.009353189 0.916049540
94.300000 -35.463779449 0.253893495 98.566879272 -0.019554270 -0.393760830 -0.002088869 0.919002593
94.350000 -35.525230408 0.252524108 98.674667358 -0.015271807 -0.385335296 0.007807026 0.922617257
94.400000 -35.602005005 0.244598448 98.739601135 -0.014312878 -0.376724154 0.013635298 0.926114559
94.450000 -35.675529480 0.233374774 98.822982788 -0.016965205 -0.370333552 0.015703542 0.928611159
94.500000 -35.717117310 0.228502631 98.909896851 -0.021291595 -0.365232587 0.016458161 0.930527270
94.550000 -35.801544189 0.231288254 98.998123169 -0.022710992 -0.361632794 0.017768286 0.931874633
94.600000 -35.873844147 0.218475580 99.127670288 -0.021054884 -0.362083703 0.021209164 0.931666434
94.650000 -35.939170837 0.217587471 99.226539612 -0.017034087 -0.364291638 0.024415746 0.930809021
94.700000 -36.009819031 0.215644836 99.315788269 -0.010773706 -0.369602233 0.026785318 0.928741455
94.750000 -36.078979492 0.213071346 99.409118652 -0.005402300 -0.374968648 0.025678193 0.926666021
94.800000 -36.149658203 0.204454422 99.500312805 -0.006041392 -0.376516461 0.023165869 0.926100552
94.850000 -36.200210571 0.188039422 99.579711914 -0.013607514 -0.377823681 0.018428667 0.925594151
94.900000 -36.259727478 0.195659518 99.647499084 -0.022423655 -0.380328119 0.013839820 0.924476206
94.950000 -36.325790405 0.194276184 99.721374512 -0.026629684 -0.382157385 0.008688928 0.923672616
95.000000 -36.384929657 0.191077024 99.804946899 -0.024734626 -0.383794099 0.005582158 0.923070490
95.050000 -36.448982239 0.205293834 99.879028320 -0.018168900 -0.381842822 0.003790481 0.924040914
95.100000 -36.516368866 0.218729854 99.973373413 -0.010283338 -0.377396226 0.003636771 0.925987661
95.150000 -36.541595459 0.204122037 100.047317505 -0.005704209 -0.371797919 0.005569042 0.928279459
95.200000 -36.620822906 0.203753829 100.139434814 -0.006881460 -0.364526778 0.008504513 0.931128621
95.250000 -36.691864014 0.206372112 100.233840942 -0.015165723 -0.358391613 0.010185733 0.933392644
95.300000 -36.744358063 0.196390837 100.321365356 -0.025225351 -0.353371590 0.010084469 0.935088515
95.350000 -36.795166016 0.187090680 100.404754639 -0.030811653 -0.346951544 0.010701680 0.937315762
95.400000 -36.834911346 0.181944191 100.475219727 -0.031872880 -0.341038555 0.014384462 0.939398706
95.450000 -36.881530762 0.177842736 100.534996033 -0.027211767 -0.336787224 0.020056628 0.940973818
95.500000 -36.928001404 0.184352756 100.614814758 -0.018301517 -0.335649729 0.027337769 0.941412210
95.550000 -36.990787506 0.187030077 100.697814941 -0.009524238 -0.338957012 0.032619074 0.940187991
95.600000 -37.059761047 0.197571516 100.797462463 -0.004530676 -0.345076978 0.033081301 0.937980294
95.650000 -37.111145020 0.194362044 100.912902832 -0.005275698 -0.350249708 0.027613549 0.936234355
95.700000 -37.161209106 0.193342686 100.980529785 -0.014145347 -0.352552116 0.021124184 0.935446799
95.750000 -37.204067230 0.180120960 101.043502808 -0.028157156 -0.353798747 0.014601008 0.934783638
95.800000 -37.193000793 0.155053228 101.093116760 -0.041843321 -0.355028540 0.011291309 0.933850348
95.850000 -37.268100739 0.170292675 101.179641724 -0.047159802 -0.354038835 0.009783702 0.933989704
95.900000 -37.352008820 0.192977935 101.289749146 -0.043253273 -0.350501329 0.008848010 0.935521126
95.950000 -37.323104858 0.165822521 101.333374023 -0.035603095 -0.342673928 0.007514065 0.938749433
96.000000 -37.400726318 0.189166248 101.442962646 -0.023123046 -0.333580852 0.010011878 0.942384720
96.050000 -37.490829468 0.204781175 101.557334900 -0.009660919 -0.323799849 0.016282525 0.945936203
96.100000 -37.551345825 0.197775960 101.684150696 0.003274566 -0.312355071 0.024247743 0.949650288
96.150000 -37.592338562 0.181408405 101.771553040 0.011460048 -0.299372107 0.032063726 0.953528643
96.200000 -37.623870850 0.168683052 101.864097595 0.014778546 -0.285854220 0.037570771 0.957422316
96.250000 -37.636810303 0.152806997 101.965553284 0.014983702 -0.271390647 0.042194754 0.961427212
