3853.541702 0.000000000 0.000000000 0.000000000 -0.000000000 -0.000000000 -0.000000000 1.000000000
3853.608176 0.000000000 0.000000000 0.000000000 -0.000000000 -0.000000000 -0.000000000 1.000000000
3853.641595 -0.000678025 0.000488219 -0.000713565 0.000043117 0.000156382 0.000071932 1.000000000
3853.674929 -0.000391774 0.000230482 -0.000033451 -0.000030485 0.000126422 -0.000226179 1.000000000
3853.708262 -0.000938658 -0.000185896 0.000906562 -0.000169060 0.000455208 -0.000210431 0.999999881
3853.741595 -0.001168853 -0.000121296 0.000731307 -0.000012590 0.000397222 0.000356808 0.999999881
3853.774926 -0.000886814 -0.000360262 0.001369559 0.000012211 0.000353920 -0.000203727 0.999999940
3853.808260 -0.000162339 -0.000298435 0.002830481 0.000343270 -0.000102933 0.000032629 0.999999940
3853.841595 -0.000298988 -0.000263317 0.001733571 0.000210165 -0.000035896 -0.000096820 1.000000000
3853.874927 -0.000535704 -0.000383836 0.000224494 -0.000057949 -0.000067707 -0.000093841 1.000000000
3853.908260 -0.000973957 -0.000158567 -0.000504001 -0.000178733 0.000049479 0.000109267 1.000000000
3853.941596 -0.000474012 0.000127374 -0.000197813 0.000184021 -0.000059462 -0.000190208 1.000000000
3853.974927 -0.000495255 -0.000297714 0.000835238 0.000080195 -0.000009904 -0.000135381 1.000000000
3854.008259 0.000391726 0.000224272 0.000343360 0.000217528 -0.000538727 0.000029723 0.999999821
3854.041577 -0.000868261 0.000681287 0.000361461 0.000403340 0.000229399 -0.000564086 0.999999762
3854.074930 -0.000186699 -0.000235709 0.000464399 0.000033928 -0.000085880 -0.000292199 1.000000000
3854.108261 -0.000497631 -0.000162167 0.001143382 0.000190249 0.000015781 -0.000297582 0.999999940
3854.141594 -0.000813893 0.000141076 -0.000241341 0.000114485 -0.000102404 0.000081536 1.000000000
3854.174927 -0.000409860 -0.000271955 0.000451254 -0.000074001 -0.000049668 -0.000353161 0.999999940
3854.208244 -0.000617289 -0.000000361 -0.000071797 -0.000010821 -0.000091378 -0.000153232 1.000000000
3854.241592 -0.000681142 0.000621163 -0.000617679 0.000292482 -0.000076724 0.000344644 0.999999940
3854.274929 -0.000481333 -0.000115933 -0.000599908 -0.000190105 -0.000201576 0.000130113 0.999999940
3854.308261 -0.000234089 -0.000154260 -0.000270925 -0.000122423 -0.000258119 -0.000129462 0.999999940
3854.341596 -0.000969552 0.000220097 -0.001066072 -0.000062575 0.000040249 0.000149961 1.000000000
3854.374914 -0.000355959 0.000189283 -0.000414521 -0.000089448 -0.000179059 0.000081894 1.000000000
3854.408303 -0.000496064 -0.000908325 0.002321458 -0.000291933 -0.000202861 0.000269694 0.999999881
3854.441509 -0.000620549 -0.000047563 -0.000703732 -0.000005260 -0.000159437 0.000660159 0.999999821
3854.474930 -0.000718250 -0.000266135 0.001279955 0.000035089 0.000178786 0.000072385 1.000000000
3854.508305 -0.001430883 -0.001258812 0.001195547 -0.000824578 0.000365658 0.000288289 0.999999583
3854.541507 -0.001142979 0.000655292 -0.001021314 0.000141703 0.000242343 0.000293574 0.999999940
3854.574926 -0.001557748 -0.000195371 -0.000234685 -0.000202512 0.000596362 -0.000186724 0.999999821
3854.608303 -0.000978365 -0.000911366 0.001976492 -0.000458036 0.000369336 0.000353704 0.999999762
3854.641553 -0.000963064 -0.000538825 0.001287464 -0.000055989 0.000377390 0.000234459 0.999999940
3854.674972 -0.000584829 -0.000460315 0.001199086 -0.000404802 0.000020217 0.000066950 0.999999940
3854.708217 -0.001441694 -0.000561240 0.000503956 -0.000320163 0.000683501 -0.000054111 0.999999702
3854.741621 -0.001437959 -0.002008041 0.002848231 -0.001163853 0.001254149 0.000089978 0.999998569
3854.774884 -0.000704653 -0.000736396 0.000372667 -0.002098707 0.006496506 0.000406967 0.999976635
3854.808304 -0.000644871 -0.001694769 0.004022478 0.000044336 0.014859756 0.006794888 0.999866486
3854.841553 0.000411277 -0.002709120 0.005795266 0.000710880 0.014736441 0.013576239 0.999799013
3854.874972 0.001340037 -0.002882145 0.007501607 -0.013188633 0.010899880 0.015044638 0.999740422
3854.908219 0.000778342 -0.001119617 0.005877152 -0.036118753 0.009605414 0.007947850 0.999269724
3854.941596 0.002179640 -0.003116348 0.002812399 -0.038358390 0.012886730 -0.001373462 0.999180019
3854.974971 0.001602835 -0.015992101 0.001047275 -0.023353606 0.017877417 -0.012630763 0.999487638
3855.008303 0.001327075 -0.030806623 -0.005011482 -0.008799794 0.025361149 -0.031371064 0.999147296
3855.041637 0.001643923 -0.044536348 -0.006799149 -0.004072090 0.036012635 -0.054854117 0.997836411
3855.074971 0.002094938 -0.055448338 -0.012414481 -0.010724770 0.050323714 -0.084165424 0.995122492
3855.108306 0.000147683 -0.064270116 -0.015870854 -0.024182210 0.061871897 -0.120975919 0.990430236
3855.141635 -0.003325037 -0.071703315 -0.018297900 -0.041174777 0.068900079 -0.165236637 0.982982337
3855.174971 -0.012658817 -0.072971672 -0.022332218 -0.059537902 0.073544085 -0.207159683 0.973720372
3855.208304 -0.026617534 -0.073014691 -0.030109229 -0.073070638 0.068305001 -0.245008424 0.964347422
3855.241640 -0.049032580 -0.071251556 -0.034707420 -0.081725121 0.050095692 -0.278791487 0.955555737
3855.274971 -0.077013344 -0.066981040 -0.039037194 -0.093788400 0.021816468 -0.295624495 0.950438857
3855.308305 -0.110140145 -0.058778264 -0.044150870 -0.114173181 -0.008678143 -0.299761534 0.947117865
3855.341639 -0.145128518 -0.054086737 -0.049510095 -0.135683894 -0.041403111 -0.288955480 0.946773648
3855.374969 -0.183398217 -0.054901220 -0.049836267 -0.146236017 -0.071844921 -0.264109999 0.950630963
3855.408292 -0.216883749 -0.067235649 -0.049936891 -0.142971382 -0.103481732 -0.224827260 0.958281517
3855.441640 -0.246034220 -0.087262690 -0.053015962 -0.127247512 -0.133966774 -0.164656341 0.968890727
3855.474972 -0.268811226 -0.110483348 -0.054637108 -0.107711144 -0.154747710 -0.093493134 0.977604449
3855.508305 -0.276582122 -0.132912070 -0.053635921 -0.094465852 -0.163542837 -0.022663763 0.981741488
3855.541731 -0.276198626 -0.152539626 -0.055272762 -0.093631528 -0.160032630 0.047118187 0.981530726
3855.574927 -0.263881624 -0.168785587 -0.052787684 -0.096493058 -0.149308205 0.110069267 0.977896214
3855.608490 -0.241876736 -0.177383944 -0.050274491 -0.085532904 -0.130112499 0.162023380 0.974424601
3855.641550 -0.212109059 -0.184999868 -0.052021336 -0.069588840 -0.098872155 0.196209684 0.973079383
3855.675158 -0.169901088 -0.185844481 -0.051757537 -0.058285765 -0.056334738 0.212968066 0.973690808
3855.708218 -0.130587071 -0.182904258 -0.057396956 -0.054662969 -0.008436145 0.215489700 0.974938452
3855.741730 -0.086432509 -0.176674202 -0.062248912 -0.055008978 0.047362741 0.204087138 0.976257801
3855.774806 -0.046204656 -0.174305484 -0.070429564 -0.060690381 0.102911577 0.180298150 0.976329088
3855.808349 -0.008347454 -0.171400428 -0.075883508 -0.071204364 0.155643329 0.139348671 0.975339472
3855.841509 0.019105867 -0.173228428 -0.084010296 -0.087870523 0.197143495 0.086266205 0.972610593
3855.874973 0.038622238 -0.173493236 -0.085940450 -0.110612482 0.226619706 0.020446928 0.967465937
3855.908304 0.047077134 -0.174381107 -0.085919894 -0.135227680 0.241089106 -0.049673181 0.959751070
3855.941678 0.044272993 -0.171589643 -0.082631737 -0.157222703 0.240637287 -0.120310187 0.950210571
3855.974927 0.029240740 -0.165356725 -0.078940153 -0.178506464 0.223037645 -0.188843757 0.939535916
3856.008381 0.004458383 -0.152188793 -0.075161934 -0.195861503 0.189640045 -0.253174931 0.928211927
3856.041473 -0.028276075 -0.135021076 -0.075063087 -0.209387332 0.143699586 -0.301678658 0.918965399
3856.074954 -0.070397943 -0.117211059 -0.075982325 -0.219231039 0.085666575 -0.332107961 0.913402021
3856.108304 -0.116357230 -0.102405414 -0.078882053 -0.226807341 0.026542591 -0.340260327 0.912182450
3856.141639 -0.162650272 -0.092707694 -0.081791028 -0.232222989 -0.022228755 -0.325849861 0.916187882
3856.174970 -0.208761603 -0.095889971 -0.086203463 -0.229488373 -0.063728668 -0.291645378 0.926399887
3856.208304 -0.248357028 -0.108898215 -0.088519350 -0.226829797 -0.097907469 -0.233991385 0.940324664
3856.241637 -0.278666317 -0.136337996 -0.093765274 -0.213664562 -0.127893507 -0.154216334 0.956142247
3856.275067 -0.294815302 -0.172614634 -0.088265173 -0.181621611 -0.150402784 -0.065462962 0.969591260
3856.308219 -0.299739987 -0.206605405 -0.088941276 -0.139232308 -0.156730950 0.022815442 0.977511764
3856.341826 -0.283112615 -0.239947572 -0.082886294 -0.096033975 -0.148545027 0.110837385 0.977970839
3856.374929 -0.258792520 -0.263637602 -0.082240760 -0.057277564 -0.121879578 0.187089816 0.973068357
3856.408591 -0.215464458 -0.271406144 -0.077091858 -0.030635517 -0.082918338 0.247347295 0.964886189
3856.441664 -0.170563117 -0.270805836 -0.076378919 -0.019524937 -0.033916254 0.288226068 0.956762373
3856.475018 -0.117633313 -0.258549273 -0.076830238 -0.018956557 0.023173783 0.308947176 0.950607836
3856.508349 -0.066950381 -0.245284945 -0.080464028 -0.025880190 0.084803291 0.308142453 0.947199523
3856.541680 -0.016326400 -0.231272906 -0.088900663 -0.032173846 0.146701053 0.288562775 0.945608377
3856.575015 0.027939346 -0.224420622 -0.099872723 -0.034327965 0.211013824 0.246989056 0.945140839
3856.608331 0.064245328 -0.220507964 -0.106143251 -0.040080626 0.264373899 0.185312346 0.945599973
3856.641682 0.087365918 -0.220180973 -0.105492450 -0.057380270 0.296060503 0.111739412 0.946873844
3856.675016 0.094040945 -0.220632970 -0.100754149 -0.078553587 0.306747109 0.032576904 0.947984397
3856.708354 0.089014649 -0.216991708 -0.091667138 -0.100780636 0.297997087 -0.043124843 0.948251665
3856.741682 0.068091050 -0.207552001 -0.082007267 -0.131510377 0.268788159 -0.117190674 0.946955264
3856.774997 0.037987921 -0.189378500 -0.072587729 -0.167019278 0.225895867 -0.187586546 0.941215634
3856.808331 -0.000553280 -0.162465334 -0.067642733 -0.195627674 0.173535049 -0.248993024 0.932533085
3856.841685 -0.049857259 -0.135536641 -0.067303821 -0.216141000 0.109427385 -0.293750346 0.924672604
3856.874911 -0.102174826 -0.111607313 -0.073476240 -0.231234506 0.044760134 -0.314153016 0.919692874
3856.908288 -0.157423750 -0.094685391 -0.081697091 -0.240218610 -0.013423844 -0.318252116 0.916968107
3856.941638 -0.210297123 -0.091511294 -0.091842636 -0.233727291 -0.063841984 -0.304389119 0.921218216
3856.974974 -0.257770151 -0.102133453 -0.101889238 -0.219203115 -0.107566789 -0.272998661 0.930511236
3857.008330 -0.296575606 -0.125199765 -0.110367000 -0.214317158 -0.142613500 -0.214129850 0.942272782
3857.041682 -0.322169095 -0.156202212 -0.109522402 -0.197811946 -0.171450704 -0.132451504 0.955997765
3857.075013 -0.333102852 -0.193721682 -0.109105185 -0.169558480 -0.190351993 -0.039106075 0.966171205
3857.108381 -0.324431628 -0.230245218 -0.103074931 -0.135984465 -0.190694422 0.056592681 0.970536530
3857.141732 -0.298302710 -0.260134518 -0.094212689 -0.103733309 -0.170656115 0.141129643 0.969638288
3857.175065 -0.258535296 -0.277372688 -0.089284249 -0.072630465 -0.131892532 0.207206264 0.966641009
3857.208381 -0.207019866 -0.283936977 -0.082357034 -0.049784370 -0.079381756 0.257099777 0.961831450
3857.241731 -0.152026564 -0.278527856 -0.076146260 -0.038687315 -0.017308662 0.288329095 0.956592977
3857.275015 -0.095589794 -0.267076641 -0.078670956 -0.037614752 0.046716426 0.298828572 0.952420175
3857.308348 -0.038456596 -0.251669884 -0.083501540 -0.043655083 0.110285930 0.287678272 0.950353920
3857.341680 0.012474267 -0.240285739 -0.094025202 -0.049577940 0.173316106 0.255088240 0.949965060
3857.375014 0.057904672 -0.233003885 -0.106141753 -0.050399173 0.234448552 0.202916354 0.949378133
3857.408347 0.091358900 -0.229907006 -0.115064442 -0.058324032 0.282868743 0.134187832 0.947933137
3857.441682 0.108754233 -0.229435176 -0.117635019 -0.078266948 0.310272485 0.050911684 0.946051419
3857.474998 0.112009995 -0.225355268 -0.112415113 -0.106737159 0.316498280 -0.033002242 0.941990912
3857.508401 0.102223612 -0.215524018 -0.102896094 -0.141105831 0.302893639 -0.112089805 0.935831428
3857.541638 0.078014016 -0.199209318 -0.094563767 -0.179103896 0.271543384 -0.184780553 0.927384615
3857.575158 0.043610353 -0.175157309 -0.085879445 -0.213897407 0.224057630 -0.255548567 0.915828049
3857.608139 -0.001062218 -0.148171678 -0.084906101 -0.227624774 0.164575204 -0.312064499 0.907588959
3857.641664 -0.055898599 -0.119800441 -0.085591137 -0.235064492 0.096430078 -0.348998517 0.902023256
3857.675017 -0.113642305 -0.097346582 -0.092621662 -0.237652928 0.031626269 -0.360739172 0.901325762
3857.708346 -0.172066018 -0.087717816 -0.101927228 -0.234706596 -0.023810066 -0.351492256 0.905979633
3857.741680 -0.224831998 -0.096569814 -0.111942448 -0.220360592 -0.077928148 -0.317325711 0.919060826
3857.775015 -0.272067904 -0.113912813 -0.121255949 -0.207039669 -0.122199364 -0.263166457 0.934315443
3857.808331 -0.305155277 -0.142705098 -0.123964630 -0.196975216 -0.155125394 -0.190028057 0.949224055
3857.841683 -0.328792959 -0.176098093 -0.125004321 -0.196579158 -0.175403953 -0.098696053 0.959608912
3857.875111 -0.335109144 -0.211048931 -0.121879689 -0.186318159 -0.187533796 0.004103425 0.964416802
3857.908246 -0.321440101 -0.243271351 -0.117799014 -0.157704443 -0.183719426 0.097098812 0.965374768
3857.941926 -0.290069401 -0.266965985 -0.107214473 -0.121337928 -0.161598668 0.179093882 0.962854326
3857.975015 -0.247970089 -0.281398803 -0.101427361 -0.090917848 -0.125046894 0.243208662 0.957573414
3858.008545 -0.192880765 -0.284145355 -0.095751502 -0.070655942 -0.074243918 0.291007102 0.951215267
3858.041637 -0.136246502 -0.275793165 -0.094842777 -0.062705494 -0.014038092 0.322798610 0.944283903
3858.075211 -0.069156349 -0.258958995 -0.094922170 -0.056386683 0.059279807 0.333327889 0.939254522
3858.108218 -0.015683468 -0.246541142 -0.104762219 -0.054957364 0.128678128 0.317680866 0.937816918
3858.141733 0.038106501 -0.234155118 -0.116198473 -0.061512545 0.193810001 0.281079680 0.937895596
3858.174929 0.079980716 -0.227972150 -0.127705216 -0.069750682 0.253807425 0.228906959 0.937186360
3858.208400 0.109194301 -0.225832596 -0.132225484 -0.086521186 0.301468492 0.153418049 0.937066555
3858.241639 0.121889368 -0.224976718 -0.130373597 -0.110106528 0.324056774 0.066939592 0.937220812
3858.275159 0.120127589 -0.224064171 -0.120734096 -0.131730676 0.325749934 -0.020849094 0.936001778
3858.308179 0.104170352 -0.220086962 -0.110143632 -0.154043883 0.306292415 -0.097691551 0.934297502
3858.341777 0.075077422 -0.206709012 -0.095798090 -0.177877277 0.268555850 -0.169717044 0.931361198
3858.374885 0.036181740 -0.190162346 -0.088344380 -0.195640162 0.219548628 -0.230416283 0.927594602
3858.408396 -0.013674324 -0.165838748 -0.082209520 -0.208074957 0.156914189 -0.284193009 0.922668457
3858.441596 -0.068348341 -0.139297128 -0.084305651 -0.218327492 0.090680927 -0.315494210 0.919006765
3858.474999 -0.127535805 -0.119311586 -0.092304468 -0.231383950 0.024388796 -0.324262589 0.916908145
3858.508351 -0.185271502 -0.108467430 -0.105099887 -0.235509932 -0.037351459 -0.314630747 0.918774962
3858.541684 -0.239262357 -0.113886438 -0.119181238 -0.227712855 -0.092721283 -0.285684168 0.926247358
3858.575016 -0.282858640 -0.134127095 -0.131106526 -0.216590792 -0.136921182 -0.242090032 0.935806334
3858.608398 -0.319450855 -0.161807165 -0.137221381 -0.205597639 -0.167451888 -0.184181213 0.946449578
3858.641732 -0.341915101 -0.196349740 -0.141723916 -0.193292573 -0.189710841 -0.109161831 0.956416011
3858.675066 -0.347649455 -0.236408874 -0.140921950 -0.161913350 -0.204747662 -0.022509493 0.965067744
3858.708400 -0.335748762 -0.273266524 -0.135746777 -0.120889947 -0.204178080 0.067866199 0.969067156
3858.741826 -0.306896269 -0.298637003 -0.120993085 -0.085162222 -0.185135946 0.153639898 0.966885149
3858.774974 -0.270105332 -0.312563002 -0.111399963 -0.065206550 -0.148400500 0.228263408 0.960011065
3858.808708 -0.218249261 -0.312145442 -0.102910854 -0.057375900 -0.098399274 0.288651794 0.950634360
3858.841776 -0.162145615 -0.300740063 -0.092814274 -0.057973824 -0.039198928 0.326607645 0.942565620
3858.874972 -0.106174625 -0.283400625 -0.090147920 -0.063307628 0.026056791 0.340616852 0.937706470
3858.908543 -0.047063604 -0.260722131 -0.088960454 -0.073305249 0.094015829 0.328285992 0.937024951
3858.941511 0.003925378 -0.247378841 -0.096122377 -0.082371578 0.159215897 0.292839319 0.939207315
3858.975016 0.051106840 -0.240010262 -0.103559121 -0.084811196 0.226836443 0.228965223 0.942829370
3859.008446 0.087261930 -0.236957222 -0.105842851 -0.092924878 0.280906975 0.144109204 0.944292724
3859.041552 0.105800696 -0.237431198 -0.106247537 -0.111581244 0.308480144 0.053103242 0.943170011
3859.075066 0.110548034 -0.236876592 -0.099263176 -0.133868694 0.317104906 -0.041011747 0.937998772
3859.108396 0.099950463 -0.233757392 -0.091819122 -0.155073613 0.305655658 -0.130849555 0.930271566
3859.141716 0.077819087 -0.222587481 -0.083874181 -0.175891981 0.275167495 -0.213457108 0.920750201
3859.175067 0.044331819 -0.206204087 -0.078246675 -0.194303572 0.228898942 -0.287269056 0.909575641
3859.208383 0.001655616 -0.182787180 -0.074744791 -0.204907700 0.171587199 -0.345518529 0.899548590
3859.241717 -0.048984617 -0.154724434 -0.074287206 -0.212530330 0.110171571 -0.378180504 0.894244194
3859.275021 -0.103691295 -0.131221026 -0.079388559 -0.218107551 0.050898373 -0.381748348 0.896719933
3859.308333 -0.161600158 -0.115766242 -0.087397203 -0.218950883 -0.005631122 -0.362763315 0.905776799
3859.341666 -0.216380507 -0.116146438 -0.098863289 -0.215643987 -0.059047211 -0.322082371 0.919931591
3859.375013 -0.263061315 -0.128975153 -0.107949324 -0.211222693 -0.102449387 -0.264341325 0.935421169
3859.408445 -0.300937980 -0.155110404 -0.117031574 -0.207424194 -0.136648342 -0.191836670 0.949474156
3859.441555 -0.325984061 -0.186225280 -0.120290004 -0.212127417 -0.159055695 -0.104206108 0.958563685
3859.475109 -0.337451309 -0.224799171 -0.120820299 -0.205630839 -0.178741589 -0.001502289 0.962166905
3859.508351 -0.330650389 -0.260545790 -0.116806269 -0.181086332 -0.181925669 0.094308533 0.961881876
3859.541969 -0.305367172 -0.288149148 -0.107831188 -0.144593880 -0.166843757 0.179068699 0.958744049
3859.575108 -0.268519849 -0.306695521 -0.097634479 -0.113296375 -0.134924069 0.246560484 0.952978194
3859.608445 -0.222425461 -0.311620027 -0.091696233 -0.091107070 -0.090880394 0.297620475 0.945971668
3859.641778 -0.171644688 -0.304427713 -0.083691418 -0.080457039 -0.040581234 0.327068627 0.940694451
3859.675108 -0.116494417 -0.289401174 -0.081047639 -0.082160130 0.015419000 0.334873140 0.938547790
3859.708306 -0.062874280 -0.273089409 -0.080120407 -0.086009242 0.076607920 0.312746823 0.942827165
3859.741827 -0.006160460 -0.253910691 -0.084071107 -0.092273988 0.138983488 0.265134722 0.949669838
3859.774810 0.036032379 -0.245735556 -0.091391370 -0.101069801 0.197549984 0.207568586 0.952719390
3859.808352 0.072111070 -0.241422996 -0.094599508 -0.110612333 0.251413465 0.136855870 0.951749265
3859.841776 0.092125461 -0.239012301 -0.092057809 -0.121800609 0.287210435 0.053328522 0.948594153
3859.874931 0.094953910 -0.239065424 -0.086410232 -0.136648327 0.298390061 -0.031311247 0.944092274
3859.908450 0.083150730 -0.235172272 -0.076249734 -0.151412487 0.287222356 -0.118265770 0.938398063
3859.941641 0.058680840 -0.226162717 -0.069761015 -0.168880567 0.257221162 -0.196607947 0.930946827
3859.975159 0.024754237 -0.205379486 -0.061955366 -0.184093893 0.210501313 -0.271579623 0.920892596
3860.008177 -0.020209089 -0.185255766 -0.061753009 -0.190613121 0.152255327 -0.328666151 0.912394404
3860.041680 -0.071896687 -0.159514248 -0.063393816 -0.196278274 0.087803863 -0.359731406 0.907941997
3860.075065 -0.126844823 -0.137870803 -0.071605124 -0.204507202 0.024210647 -0.362075120 0.909116209
3860.108397 -0.182148844 -0.125982121 -0.082732439 -0.208161935 -0.033265166 -0.343444943 0.915209055
3860.141737 -0.233375311 -0.129387036 -0.094307333 -0.206708938 -0.082974255 -0.302425653 0.926782310
3860.175069 -0.276763856 -0.146149457 -0.105011329 -0.201209605 -0.121158347 -0.244413540 0.940796137
3860.208386 -0.310523778 -0.173673272 -0.112111188 -0.188003868 -0.151627630 -0.176193923 0.954263747
3860.241733 -0.332956403 -0.206268236 -0.115882382 -0.179652244 -0.173439607 -0.097196981 0.963429570
3860.275210 -0.338300169 -0.239782378 -0.112690747 -0.170157298 -0.187427953 -0.000458941 0.967428029
3860.308308 -0.325542986 -0.272775620 -0.107226551 -0.148126125 -0.183598578 0.091764897 0.967434466
3860.341984 -0.297577590 -0.295408249 -0.096093044 -0.119303577 -0.163796008 0.173492596 0.963762343
3860.375111 -0.259763837 -0.306124210 -0.088198155 -0.098412663 -0.129924372 0.237865999 0.957525134
3860.408426 -0.209613979 -0.306879789 -0.077665545 -0.088933118 -0.086681418 0.289568663 0.949066520
3860.441776 -0.155902177 -0.298806489 -0.071430326 -0.084505536 -0.032665052 0.323279589 0.941956580
3860.475112 -0.097133487 -0.281780422 -0.068717100 -0.080013178 0.031450558 0.333966792 0.938655972
3860.508443 -0.039090034 -0.264143944 -0.071405590 -0.079105176 0.099514380 0.315966994 0.940214932
3860.541641 0.012605786 -0.251705348 -0.079090677 -0.083931632 0.161457956 0.277469426 0.943343818
3860.575110 0.058485880 -0.243376568 -0.087177150 -0.092799924 0.216232702 0.223460823 0.945884228
3860.608265 0.088700838 -0.241077274 -0.093777336 -0.104737215 0.254574478 0.158435836 0.948219419
3860.641733 0.105384506 -0.241344988 -0.093398787 -0.125482649 0.275033623 0.079734303 0.949870050
3860.675066 0.106798381 -0.238858134 -0.087432265 -0.150020570 0.277103126 -0.005678638 0.949039280
3860.708495 0.094800644 -0.230758533 -0.076487526 -0.174684405 0.261913329 -0.094732255 0.944411278
3860.741553 0.069701850 -0.218925744 -0.070302799 -0.196655139 0.234711781 -0.178357393 0.935107350
3860.775067 0.035171706 -0.201166511 -0.064494573 -0.216061503 0.196469173 -0.255001485 0.921787143
3860.808479 -0.008454632 -0.179436013 -0.060526043 -0.220340356 0.144364700 -0.314462543 0.911988080
3860.841510 -0.058479045 -0.159912765 -0.063641116 -0.216931090 0.088783309 -0.347348452 0.907968938
3860.874980 -0.113208324 -0.141154945 -0.068385191 -0.216097265 0.034057394 -0.354408026 0.909140825
3860.908351 -0.166634589 -0.132713795 -0.076807328 -0.215570271 -0.012422756 -0.337677240 0.916160107
3860.941732 -0.216185808 -0.137292787 -0.087042198 -0.208824068 -0.053066857 -0.301578641 0.928777039
3860.975068 -0.259073585 -0.152793631 -0.095077410 -0.199987829 -0.086633228 -0.248813674 0.943711460
3861.008399 -0.293562979 -0.178978905 -0.101760365 -0.191386268 -0.113641851 -0.179788858 0.958192468
3861.041876 -0.316468835 -0.210477844 -0.104364909 -0.190353617 -0.133850485 -0.088322327 0.968529165
3861.074931 -0.320613205 -0.242393911 -0.104647979 -0.180993989 -0.144644901 0.011115677 0.972725809
3861.108545 -0.306042403 -0.272959232 -0.097003572 -0.162520751 -0.138779879 0.112233028 0.970428228
3861.141684 -0.279780596 -0.296941757 -0.093571454 -0.139423147 -0.115481630 0.194617704 0.964027584
3861.175301 -0.233953506 -0.309554994 -0.086689509 -0.116678581 -0.080906652 0.266734362 0.953253925
3861.208399 -0.187928051 -0.312085271 -0.085653387 -0.098067179 -0.035659391 0.322902888 0.940661967
3861.242042 -0.131381691 -0.303581476 -0.084531069 -0.082490638 0.017460009 0.360881329 0.928792298
3861.275069 -0.078108765 -0.291134953 -0.088386901 -0.075014010 0.072925530 0.374080449 0.921476305
3861.308592 -0.021741018 -0.271848917 -0.092781931 -0.074328683 0.133943290 0.354929954 0.922257662
3861.341554 0.028211221 -0.259393275 -0.103635356 -0.074030079 0.194599167 0.309367269 0.927869916
3861.375069 0.072682232 -0.251469016 -0.113959007 -0.072886512 0.256835043 0.242290422 0.932747960
3861.408477 0.106463782 -0.249044985 -0.119922131 -0.076861203 0.305627167 0.155992970 0.936136007
3861.441598 0.123565763 -0.251231670 -0.124029063 -0.087746628 0.330919862 0.063260503 0.937438428
3861.475114 0.129486308 -0.250547111 -0.117893890 -0.103760071 0.339110702 -0.032930031 0.934426785
3861.508448 0.120671690 -0.250073314 -0.110883474 -0.121626854 0.326141030 -0.124269076 0.929191172
3861.541778 0.100647882 -0.243038878 -0.102998771 -0.134617418 0.296043277 -0.204932645 0.923168004
3861.575111 0.070399590 -0.230540380 -0.095998377 -0.144288644 0.251042634 -0.279143333 0.915553093
3861.608427 0.030122854 -0.210513681 -0.090106651 -0.154477701 0.193068951 -0.344564945 0.905613601
3861.641778 -0.017145842 -0.188184321 -0.089160495 -0.157009959 0.126959637 -0.393906832 0.896697581
3861.675110 -0.072346009 -0.169132084 -0.094425440 -0.142372251 0.061159488 -0.419336259 0.894509256
3861.708444 -0.129270419 -0.156005338 -0.103655085 -0.120921634 0.004646749 -0.419668317 0.899574876
3861.741682 -0.180239663 -0.153230026 -0.111315303 -0.106091946 -0.038832728 -0.391072810 0.913399458
3861.775109 -0.229513869 -0.162888199 -0.124067046 -0.097783647 -0.077799819 -0.334147781 0.934200644
3861.808427 -0.270677119 -0.183984146 -0.135268614 -0.096747324 -0.114059299 -0.252984971 0.955839455
3861.841776 -0.297843963 -0.212748349 -0.142146587 -0.100929335 -0.143314973 -0.155798137 0.972111642
3861.875108 -0.308795094 -0.239931464 -0.145642817 -0.114091560 -0.160963476 -0.058581620 0.978591919
3861.908445 -0.304206461 -0.266138673 -0.142813772 -0.130992889 -0.166006312 0.044929784 0.976352453
3861.941829 -0.282077849 -0.287027955 -0.135462180 -0.118311562 -0.152286470 0.137418613 0.971559227
3861.975164 -0.249570817 -0.299146235 -0.128273144 -0.098969825 -0.121973127 0.209706485 0.965065122
3862.008478 -0.209791303 -0.301073670 -0.122830644 -0.089152083 -0.080621734 0.264263839 0.956930876
3862.041830 -0.163213626 -0.293822914 -0.115610093 -0.091681257 -0.033098441 0.302576661 0.948127866
3862.075018 -0.116558731 -0.282489747 -0.111147009 -0.093852229 0.021478990 0.320678413 0.942282200
3862.108544 -0.062411856 -0.267105609 -0.106882319 -0.092791945 0.083695337 0.309215933 0.942746103
3862.141557 -0.015104417 -0.255703419 -0.109386951 -0.093526885 0.139056146 0.275409758 0.946607411
3862.175016 0.031340029 -0.247541413 -0.113506958 -0.098308943 0.192385897 0.227134377 0.949596226
3862.208444 0.069226116 -0.243658110 -0.114650950 -0.108617447 0.240837023 0.159806386 0.951137066
3862.241777 0.094197124 -0.243313417 -0.113283522 -0.119714245 0.275137395 0.076533660 0.950847268
3862.275108 0.105553240 -0.244276062 -0.109760873 -0.132944480 0.290432125 -0.010728553 0.947554648
3862.308427 0.102733083 -0.244990453 -0.102742463 -0.141279444 0.290570319 -0.093600124 0.941726089
3862.341760 0.086738095 -0.242102459 -0.095296457 -0.146870553 0.272229493 -0.169288531 0.935767889
3862.375110 0.059780177 -0.233984813 -0.088091575 -0.148533091 0.240557402 -0.234890029 0.929998219
3862.408427 0.024776131 -0.219765410 -0.082420141 -0.147267595 0.198801830 -0.290563107 0.924317658
3862.441776 -0.019632788 -0.199775532 -0.079481870 -0.144654393 0.147416532 -0.335967958 0.918949962
3862.475093 -0.068627298 -0.173812017 -0.082653686 -0.148319587 0.092145845 -0.374494404 0.910639524
3862.508441 -0.120316319 -0.146599784 -0.091931529 -0.160088077 0.035259161 -0.403428555 0.900207758
3862.541775 -0.172702745 -0.130111486 -0.104659200 -0.166456804 -0.023763014 -0.407705754 0.897498429
3862.575110 -0.223873392 -0.128320619 -0.119845912 -0.162932754 -0.084489629 -0.380084336 0.906559587
3862.608446 -0.266405731 -0.143048286 -0.134364933 -0.161541566 -0.136228815 -0.323252857 0.922417343
3862.641776 -0.298289835 -0.167676017 -0.142356128 -0.166303277 -0.174368396 -0.242434248 0.939768374
3862.675096 -0.316766113 -0.199901894 -0.147606716 -0.174257606 -0.199547991 -0.142061800 0.953747034
3862.708497 -0.318341196 -0.235335588 -0.143676728 -0.188804194 -0.209201932 -0.026062777 0.959118485
3862.741825 -0.304312110 -0.269291848 -0.136423305 -0.181104764 -0.198518053 0.081058763 0.959802687
3862.775160 -0.276348770 -0.292681873 -0.124454387 -0.154240489 -0.165665299 0.161112934 0.960628748
3862.808491 -0.236912936 -0.306640506 -0.112219810 -0.129298761 -0.119675100 0.220148250 0.959424078
3862.841828 -0.188995481 -0.309165031 -0.100555703 -0.114229798 -0.068456531 0.261030257 0.956100702
3862.875163 -0.137940824 -0.304307550 -0.089869149 -0.107137546 -0.012580698 0.278504431 0.954357684
3862.908494 -0.082456440 -0.291959405 -0.082271449 -0.108466968 0.043179702 0.274904430 0.954357386
3862.941684 -0.027631342 -0.280533969 -0.080333248 -0.115282938 0.099362515 0.259472877 0.953682721
3862.975163 0.027703375 -0.270042390 -0.081979357 -0.118817516 0.154910445 0.225690499 0.954436481
3863.008306 0.073370785 -0.265778244 -0.088340521 -0.121535882 0.199400827 0.178041279 0.955913007
3863.041777 0.106821105 -0.266263396 -0.093810849 -0.122923598 0.237953141 0.112605467 0.956863701
3863.075111 0.124754064 -0.267736822 -0.093767628 -0.127325878 0.266209841 0.039197523 0.954664350
3863.108497 0.127711937 -0.268119216 -0.090483427 -0.133773461 0.279321373 -0.037326571 0.950100541
3863.141735 0.115365848 -0.262359113 -0.082881778 -0.143269882 0.274921745 -0.111787803 0.944137335
3863.175322 0.091127366 -0.246936217 -0.071661539 -0.158222482 0.253993958 -0.184879437 0.936094224
3863.208290 0.056980822 -0.228749529 -0.065493450 -0.175960734 0.220859185 -0.244605944 0.927592039
3863.241829 0.012258954 -0.203764901 -0.059777100 -0.190120086 0.174637288 -0.292802274 0.920664489
3863.275001 -0.040178146 -0.180437386 -0.062236842 -0.202023387 0.121788926 -0.333622694 0.912715673
3863.308444 -0.097032428 -0.158737764 -0.072026394 -0.201319844 0.061459288 -0.368056566 0.905664086
3863.341778 -0.157268435 -0.150498509 -0.086547054 -0.186439171 -0.004760456 -0.374776751 0.908163071
3863.375111 -0.209886104 -0.153888956 -0.098768070 -0.171415523 -0.063772783 -0.348418027 0.919322968
3863.408445 -0.255900890 -0.168719217 -0.112145126 -0.165197507 -0.109304979 -0.297047436 0.934090495
3863.441828 -0.289697528 -0.191066474 -0.120085284 -0.165515125 -0.143548951 -0.227006197 0.948929191
3863.475018 -0.308754832 -0.219318971 -0.127198249 -0.172285840 -0.170714810 -0.144716844 0.959286749
3863.508599 -0.313236535 -0.248656482 -0.124204166 -0.188875780 -0.194146231 -0.040086031 0.961782932
3863.541643 -0.296745270 -0.278358519 -0.120689392 -0.194771349 -0.203994647 0.063048393 0.957327127
3863.575322 -0.264996737 -0.298440069 -0.109809116 -0.178953975 -0.191108584 0.158211380 0.952062070
3863.608402 -0.224557176 -0.312009394 -0.102137744 -0.157605201 -0.152507037 0.230163962 0.948117495
3863.642108 -0.169683710 -0.315385401 -0.090839848 -0.138792634 -0.096046694 0.287245899 0.942868710
3863.675163 -0.114454702 -0.308856308 -0.086438067 -0.123625629 -0.031892706 0.320013314 0.938771009
3863.708478 -0.056197111 -0.296227783 -0.081973128 -0.115345918 0.033377159 0.328450114 0.936857402
3863.741827 -0.001631573 -0.283425927 -0.082583778 -0.114372127 0.095560282 0.311201513 0.938584507
3863.775163 0.048515759 -0.270366132 -0.085426971 -0.120332517 0.153504848 0.271061748 0.942593157
3863.808353 0.087658301 -0.263714492 -0.090122655 -0.129358813 0.203724459 0.216613635 0.945960462
3863.841777 0.115957908 -0.261203229 -0.092429973 -0.141383320 0.243252724 0.149797216 0.947839499
3863.875163 0.130799174 -0.261408478 -0.090514369 -0.155771360 0.269627780 0.077660173 0.947103500
3863.908402 0.133061141 -0.261045396 -0.087691307 -0.166146532 0.280393153 0.001723041 0.945395231
3863.941985 0.120253026 -0.258152395 -0.080342904 -0.174357668 0.275748432 -0.084420376 0.941507041
3863.974976 0.095999464 -0.249556035 -0.075374059 -0.181640580 0.255032599 -0.166692615 0.934975207
3864.008545 0.060764506 -0.233963698 -0.070333086 -0.187270716 0.217862174 -0.248671904 0.925001621
3864.041625 0.017983723 -0.214483127 -0.069642574 -0.184144914 0.168523863 -0.311640590 0.916826308
3864.075165 -0.033232499 -0.192495868 -0.071415529 -0.180344805 0.106128514 -0.350683361 0.912816405
3864.108334 -0.087043718 -0.172383785 -0.079258703 -0.177997142 0.043148812 -0.361692220 0.914130151
3864.141774 -0.141214103 -0.160495162 -0.090320095 -0.179555237 -0.013591395 -0.344368815 0.921404004
3864.175112 -0.187659889 -0.161248803 -0.101222619 -0.187358946 -0.062763423 -0.300286323 0.933158875
3864.208443 -0.223926902 -0.174960896 -0.111103356 -0.197581887 -0.105769061 -0.237105906 0.945280433
3864.241831 -0.249849215 -0.197389141 -0.120476268 -0.210248560 -0.143745899 -0.158056989 0.954018176
3864.275160 -0.262522906 -0.225704059 -0.127023682 -0.223250210 -0.175602883 -0.073892623 0.955961764
3864.308493 -0.264852494 -0.253755987 -0.131291002 -0.232060879 -0.201064885 0.006790561 0.951669395
3864.341827 -0.255753845 -0.278987318 -0.135735065 -0.236639634 -0.218161732 0.077881478 0.943579197
3864.375162 -0.239338994 -0.299926430 -0.137233198 -0.233414903 -0.222999364 0.129857033 0.937510550
3864.408479 -0.220291600 -0.314145505 -0.137329459 -0.221460402 -0.211917356 0.160786957 0.938186526
3864.441881 -0.195475519 -0.321292937 -0.132141784 -0.203521430 -0.185198084 0.169367239 0.946359098
3864.475111 -0.170601219 -0.320555210 -0.128505826 -0.189948156 -0.148631051 0.160751626 0.957072318
3864.508695 -0.139174700 -0.315217078 -0.120109417 -0.184620753 -0.107974090 0.146577001 0.965801179
3864.541735 -0.107459299 -0.309717596 -0.114487968 -0.187367991 -0.066606127 0.132724047 0.971000075
3864.575318 -0.069664702 -0.302658290 -0.104335241 -0.194081396 -0.025005104 0.118528254 0.973477423
3864.608267 -0.034761824 -0.297947615 -0.101573467 -0.195970520 0.010732314 0.103940822 0.975026488
3864.641777 -0.001152951 -0.297849447 -0.099462166 -0.191633120 0.044178259 0.084891967 0.976789892
3864.675212 0.030372687 -0.300172418 -0.097416244 -0.179534346 0.074596323 0.058839761 0.979153037
3864.708311 0.053983994 -0.305382937 -0.097455598 -0.162566155 0.104492001 0.020355260 0.980938017
3864.741812 0.072116010 -0.309389651 -0.096344650 -0.137850434 0.135163411 -0.038786165 0.980420232
3864.775145 0.082292087 -0.312857300 -0.094707951 -0.111299276 0.161287546 -0.108788259 0.974558294
3864.808496 0.086543009 -0.311169386 -0.089972496 -0.090995260 0.181155741 -0.186222717 0.961365461
3864.841829 0.082005188 -0.305451959 -0.084898144 -0.074675053 0.191965833 -0.261297286 0.943025231
3864.875212 0.070169605 -0.300074011 -0.077788241 -0.061506566 0.184863672 -0.317508101 0.928025365
3864.908527 0.048784494 -0.291410625 -0.074871212 -0.054731719 0.161930040 -0.340094984 0.924726188
3864.941878 0.020225141 -0.285551369 -0.070773669 -0.060158148 0.124888174 -0.322844416 0.936245382
3864.975113 -0.013678539 -0.283842087 -0.071916685 -0.080745347 0.082450859 -0.275413603 0.954373837
3865.008636 -0.047417909 -0.284823030 -0.073897623 -0.104435571 0.033583522 -0.213075578 0.970857441
3865.041643 -0.078575388 -0.289190769 -0.082145639 -0.122428834 -0.010017290 -0.153419957 0.980496407
3865.075145 -0.104308859 -0.295898497 -0.089065231 -0.139835268 -0.048066214 -0.091536961 0.984762311
3865.108497 -0.122820452 -0.303758085 -0.095417500 -0.157985702 -0.075643741 -0.035583042 0.983896554
3865.141827 -0.133144736 -0.309896410 -0.100711688 -0.166953579 -0.092741154 0.006493017 0.981571913
3865.175162 -0.135251209 -0.316173494 -0.106591493 -0.170798317 -0.099660747 0.034623183 0.979641199
3865.208493 -0.130059972 -0.318272859 -0.111114889 -0.172493726 -0.096799411 0.050925434 0.978918970
3865.241829 -0.117963210 -0.319938004 -0.113321438 -0.170962542 -0.085989155 0.058176871 0.979792416
3865.275163 -0.099096097 -0.320305496 -0.116330832 -0.168896586 -0.068023406 0.060762782 0.981404483
3865.308495 -0.074271388 -0.320898414 -0.118112281 -0.168588340 -0.043568559 0.062979691 0.982707143
3865.341827 -0.045138799 -0.320010185 -0.117229432 -0.169734970 -0.015189620 0.066860802 0.983101726
3865.375162 -0.015383242 -0.318781257 -0.117943183 -0.172512561 0.014932201 0.071224190 0.982315421
3865.408495 0.013169232 -0.319503546 -0.118859045 -0.173848793 0.044135358 0.072368115 0.981117487
3865.441829 0.038256235 -0.319543332 -0.118150651 -0.170720696 0.071366243 0.067247033 0.980428040
3865.475161 0.058024682 -0.320367754 -0.116909981 -0.165943608 0.094392091 0.059643816 0.979793608
3865.508479 0.071848474 -0.323320389 -0.113250569 -0.160882443 0.112459332 0.053369328 0.979092181
3865.541829 0.078035869 -0.328583598 -0.106825352 -0.154571950 0.125160560 0.052582774 0.978609920
3865.575158 0.076680854 -0.335089713 -0.098323986 -0.150771931 0.130369395 0.062315740 0.977951109
3865.608491 0.069537193 -0.342265517 -0.088707119 -0.150079623 0.126589209 0.078767493 0.977367401
3865.641878 0.055771008 -0.350302517 -0.079192758 -0.148349360 0.115065120 0.094047144 0.977705300
3865.675076 0.035428137 -0.358867079 -0.073253199 -0.145285532 0.099936031 0.104056038 0.978814185
3865.708595 0.011870498 -0.368079215 -0.065220982 -0.141843170 0.079224423 0.107644252 0.980824530
3865.741643 -0.011563371 -0.375888020 -0.063787408 -0.135097772 0.055772498 0.109094165 0.983227611
3865.775198 -0.034539223 -0.386287659 -0.063886672 -0.130246505 0.028761080 0.112304419 0.984680891
3865.808544 -0.053063367 -0.398009926 -0.065308772 -0.125572145 0.005611900 0.116849929 0.985163093
3865.841880 -0.066204771 -0.409513235 -0.071220733 -0.117140047 -0.013445337 0.125977248 0.985001147
3865.875213 -0.072162613 -0.421070904 -0.078567006 -0.111618593 -0.032265864 0.143127099 0.982860565
3865.908548 -0.070754394 -0.433572233 -0.088243157 -0.112744935 -0.049251016 0.167066023 0.978239179
3865.941862 -0.064978272 -0.441820025 -0.097108617 -0.116757549 -0.057353146 0.191754177 0.972783983
3865.975213 -0.054320320 -0.449376315 -0.107536197 -0.103845008 -0.048466533 0.195268974 0.974031448
3866.008548 -0.043789260 -0.446188033 -0.113899082 -0.095087245 -0.032396831 0.173524588 0.979692876
3866.041877 -0.031450100 -0.439113677 -0.121113248 -0.100353524 -0.014580240 0.148567811 0.983689070
3866.075213 -0.020375594 -0.432036638 -0.128668472 -0.111189678 0.003640759 0.123274766 0.986117125
3866.108546 -0.007812405 -0.426693946 -0.136850610 -0.119803190 0.018058224 0.104617506 0.987105012
3866.141878 0.002807988 -0.423194230 -0.145875320 -0.119643137 0.030589450 0.086921059 0.988531530
3866.175213 0.011509930 -0.423413992 -0.153506622 -0.122220762 0.038118899 0.076748833 0.988796592
3866.208528 0.016743345 -0.427564502 -0.159444109 -0.127130926 0.041074716 0.070848815 0.988499403
3866.241878 0.017702615 -0.432988137 -0.163848445 -0.132024243 0.040649131 0.063383549 0.988382399
3866.275212 0.015811900 -0.437526286 -0.169321820 -0.135521218 0.035245333 0.059371088 0.988365769
3866.308530 0.009726068 -0.444273144 -0.170288175 -0.150781527 0.027715294 0.063544661 0.986133337
3866.341879 -0.000704411 -0.446202666 -0.168295115 -0.182434931 0.019877279 0.067587711 0.980690718
3866.375212 -0.013952297 -0.447755367 -0.165234119 -0.226778194 0.009039162 0.077940449 0.970780730
3866.408528 -0.029266344 -0.449281842 -0.164701104 -0.261281520 0.000575609 0.094357856 0.960639477
3866.441880 -0.044968560 -0.454966336 -0.162537217 -0.272589415 -0.009631851 0.111894183 0.955553234
3866.475215 -0.060071703 -0.466649354 -0.161667466 -0.269702613 -0.020673400 0.123903297 0.954715192
3866.508548 -0.074923128 -0.475388914 -0.161782056 -0.269794554 -0.033824440 0.124685973 0.954211831
3866.541879 -0.089167416 -0.482022226 -0.162727788 -0.285717100 -0.045461550 0.118064113 0.949926257
3866.575212 -0.098820925 -0.486440748 -0.163594514 -0.308750063 -0.050867040 0.112822816 0.943057239
3866.608545 -0.104189508 -0.492571473 -0.164862424 -0.328627348 -0.049507290 0.111461774 0.936551929
3866.641880 -0.105611525 -0.499069333 -0.166752309 -0.336919814 -0.043044113 0.114285052 0.933579803
3866.675263 -0.104076594 -0.506890714 -0.167246580 -0.338765174 -0.033768840 0.117935926 0.932839155
3866.708495 -0.099254087 -0.515313089 -0.171070904 -0.342899144 -0.023543326 0.121527433 0.931180477
3866.742168 -0.092629589 -0.520915985 -0.173195750 -0.347888142 -0.011598234 0.121199176 0.929596782
3866.775320 -0.083377421 -0.525374949 -0.178135797 -0.354126692 0.004942085 0.114347450 0.928167284
3866.808428 -0.075437039 -0.533521235 -0.183203205 -0.361521631 0.023829756 0.102540232 0.926401556
3866.842168 -0.065364435 -0.539304614 -0.187252775 -0.371639609 0.041851595 0.086326994 0.923406839
3866.875322 -0.058086909 -0.546381772 -0.193409458 -0.379027814 0.057579823 0.070432723 0.920902669
3866.908447 -0.052879795 -0.553157926 -0.199984550 -0.383749932 0.070672132 0.056335602 0.919003665
3866.942167 -0.049117841 -0.564487338 -0.205676824 -0.388594240 0.080561608 0.047290061 0.916661382
3866.975320 -0.049053404 -0.573608220 -0.211657614 -0.392788380 0.088050827 0.039738726 0.914541006
3867.008497 -0.051073544 -0.582155585 -0.218581334 -0.397930890 0.094359286 0.033495329 0.911934972
3867.042232 -0.051347613 -0.589375079 -0.223987639 -0.404211283 0.098654181 0.029468352 0.908852160
3867.075377 -0.057420619 -0.600792289 -0.229074314 -0.410979241 0.102800384 0.027701585 0.905406415
3867.108547 -0.062354621 -0.607013941 -0.238186747 -0.428382218 0.102480911 0.015788717 0.897628546
3867.142045 -0.067148551 -0.615966678 -0.244294345 -0.445296019 0.100913405 0.003688133 0.889670908
3867.175211 -0.073912688 -0.624323845 -0.252071142 -0.452978522 0.102572463 -0.009909169 0.885545671
3867.208778 -0.080056407 -0.634412348 -0.256288886 -0.455179900 0.100168251 -0.025529040 0.884378791
3867.241988 -0.087171689 -0.645672143 -0.260687768 -0.447793424 0.097316407 -0.035233133 0.888126791
3867.275218 -0.095611617 -0.655444682 -0.267503113 -0.435085595 0.094421633 -0.037713453 0.894630015
3867.308776 -0.101294622 -0.664920092 -0.271256775 -0.421798408 0.090539739 -0.035512492 0.901458561
3867.342044 -0.105067998 -0.670739412 -0.277631074 -0.408781379 0.087302327 -0.032319941 0.907871962
3867.375264 -0.106455900 -0.673680723 -0.285704374 -0.398192257 0.087131940 -0.030167244 0.912656009
3867.408580 -0.105274938 -0.675364614 -0.291667342 -0.391836911 0.089996032 -0.029554382 0.915145457
3867.441929 -0.102474459 -0.676085413 -0.296729982 -0.388015956 0.096236736 -0.026253741 0.916238427
3867.475264 -0.096082807 -0.678327918 -0.303030998 -0.386496544 0.105736688 -0.021643596 0.915954053
3867.508598 -0.091859043 -0.679919899 -0.306529164 -0.382824838 0.120896734 -0.014859281 0.915755630
3867.541929 -0.085941590 -0.682231605 -0.312560588 -0.374466121 0.134383947 -0.005327861 0.917435408
3867.575265 -0.083246693 -0.685710728 -0.319293827 -0.363631070 0.145934820 0.003973504 0.920032442
3867.608597 -0.079679117 -0.688751340 -0.324546814 -0.354188412 0.153432950 0.010989603 0.922435999
3867.641929 -0.079623923 -0.691120565 -0.327965140 -0.351676434 0.155899778 0.014541416 0.922934175
3867.675264 -0.079407915 -0.692272902 -0.330507100 -0.351835012 0.154690519 0.016368821 0.923046589
3867.708598 -0.081319302 -0.694412351 -0.332191259 -0.348828256 0.152447730 0.016822074 0.924551547
3867.741931 -0.084810011 -0.698038220 -0.331010044 -0.342244118 0.148488313 0.017651793 0.927636027
3867.775247 -0.089700326 -0.701220334 -0.331486702 -0.333486319 0.141323835 0.017959138 0.931929111
3867.808597 -0.097019292 -0.703636527 -0.331877828 -0.324885279 0.129053146 0.015405534 0.936780393
3867.841930 -0.104071289 -0.705421984 -0.332979441 -0.318777978 0.113952860 0.011464176 0.940884709
3867.875250 -0.111503586 -0.710004985 -0.334269017 -0.314712971 0.099429861 0.007479990 0.943935156
3867.908601 -0.117634565 -0.711956382 -0.333100766 -0.306588590 0.087270103 0.005093630 0.947819352
3867.941929 -0.122795947 -0.716412127 -0.331992626 -0.302070826 0.079737559 0.003887274 0.949936867
3867.975264 -0.127278969 -0.718922019 -0.332798183 -0.297792315 0.075151347 0.003704639 0.951660812
3868.008580 -0.129947558 -0.721488833 -0.332994670 -0.293592960 0.071886614 0.004551370 0.953212917
3868.041913 -0.132032037 -0.722576380 -0.332781941 -0.290617973 0.069483444 0.003743707 0.954305649
3868.075248 -0.132739246 -0.727705061 -0.333734423 -0.283625603 0.067342505 0.002934795 0.956563056
3868.108593 -0.130078286 -0.728636444 -0.333561450 -0.276127577 0.069667690 0.004395226 0.958582640
3868.141928 -0.126155883 -0.728722215 -0.331640154 -0.272880673 0.077049010 0.007888120 0.958925128
3868.175264 -0.120950073 -0.731224179 -0.332841903 -0.269583642 0.088663936 0.013075170 0.958797395
3868.208598 -0.113745466 -0.734252810 -0.333271235 -0.263565958 0.101489000 0.020301659 0.959072888
3868.241930 -0.106280990 -0.735645652 -0.334535956 -0.257059962 0.112049833 0.027043115 0.959496558
3868.275264 -0.099222943 -0.734682977 -0.336942375 -0.252339333 0.121037781 0.032240596 0.959497392
3868.308596 -0.091808870 -0.737577140 -0.336909235 -0.254167169 0.130944863 0.038708925 0.957472801
3868.341930 -0.085494027 -0.735956967 -0.338127285 -0.252080560 0.141907126 0.041660216 0.956337929
3868.375262 -0.079741746 -0.737360239 -0.339251339 -0.248763442 0.152819812 0.044037897 0.955417991
3868.408596 -0.076131895 -0.736168683 -0.336770028 -0.246781737 0.162115842 0.043234110 0.954436004
3868.441932 -0.073810726 -0.736129999 -0.335428029 -0.249145970 0.164266780 0.043536082 0.953439713
3868.475265 -0.074324340 -0.735208154 -0.333592355 -0.254416734 0.161690727 0.041331027 0.952585936
3868.508599 -0.076064721 -0.730792403 -0.330915570 -0.260919601 0.155672982 0.038873069 0.951932669
3868.541933 -0.080729976 -0.729148924 -0.327397645 -0.266595989 0.145031258 0.033966899 0.952228308
3868.575247 -0.087262973 -0.726366341 -0.322511226 -0.271885842 0.130409285 0.028636135 0.953022301
3868.608595 -0.096016556 -0.722567558 -0.314051747 -0.281180441 0.113534510 0.023170484 0.952633500
3868.641988 -0.104272470 -0.720523834 -0.303480655 -0.292800993 0.096231833 0.018470977 0.951139212
3868.675164 -0.112579823 -0.718312204 -0.295688450 -0.302754194 0.081698634 0.013823852 0.949459970
3868.708965 -0.116596393 -0.713208795 -0.283162653 -0.310645968 0.070856363 0.010804879 0.947819471
3868.742108 -0.122932173 -0.710127890 -0.272271246 -0.315511256 0.064674638 0.007911540 0.946682215
3868.775304 -0.127074406 -0.705951154 -0.262568235 -0.321320504 0.059408829 0.006283694 0.945084274
3868.808531 -0.130917445 -0.699927330 -0.256101876 -0.327219367 0.053896111 0.005656270 0.943393171
3868.842232 -0.130248785 -0.694957793 -0.247139916 -0.330654979 0.046393014 0.006890417 0.942585528
3868.875362 -0.129166663 -0.689630985 -0.241891429 -0.331582904 0.043596830 0.006704931 0.942394376
3868.908496 -0.126352146 -0.684107780 -0.241001055 -0.332050413 0.041166618 0.008063301 0.942328453
3868.942296 -0.121159904 -0.680131078 -0.238048509 -0.333307922 0.039051794 0.012316754 0.941928387
3868.975446 -0.113033295 -0.676076174 -0.237172097 -0.333087206 0.040813617 0.019742982 0.941805422
3869.008598 -0.102797449 -0.675898492 -0.238324344 -0.329656482 0.047462542 0.028187310 0.942485750
3869.041988 -0.091928519 -0.676120102 -0.236887842 -0.322830141 0.059581909 0.037899926 0.943818986
3869.075216 -0.080997951 -0.678570390 -0.238361716 -0.312624276 0.075185403 0.046853110 0.945736766
3869.108882 -0.067693904 -0.680580795 -0.234586120 -0.303291380 0.090898946 0.054038156 0.947011948
3869.142045 -0.058275558 -0.682051778 -0.233645990 -0.294765741 0.105103597 0.057332043 0.948039770
3869.175164 -0.052280951 -0.684043050 -0.233733118 -0.286864072 0.115655407 0.057641853 0.949215651
3869.208901 -0.049987383 -0.685230970 -0.229889542 -0.280813456 0.120031260 0.054891355 0.950643599
3869.241989 -0.052426212 -0.688974917 -0.227460429 -0.273284048 0.118053004 0.048666120 0.953420639
3869.275164 -0.060962502 -0.691234052 -0.228790432 -0.260605782 0.111067899 0.040868279 0.958164036
3869.308833 -0.071784258 -0.694694579 -0.225022525 -0.246415287 0.098325528 0.034327790 0.963552415
3869.341930 -0.086185426 -0.699113607 -0.224955961 -0.237317666 0.079760328 0.029764928 0.967694521
3869.375324 -0.101214848 -0.701093674 -0.222768903 -0.234082878 0.054509372 0.026853448 0.970315874
3869.408546 -0.118827865 -0.703762889 -0.222402215 -0.232650846 0.025933608 0.024580382 0.971903741
3869.442230 -0.131353080 -0.704910696 -0.217703551 -0.228815243 -0.009383046 0.029146871 0.972988188
3869.475380 -0.142939761 -0.707631052 -0.214717969 -0.219258636 -0.045449484 0.040920597 0.973748207
3869.508529 -0.147839189 -0.711631656 -0.214596033 -0.207847401 -0.080008313 0.053244773 0.973428607
3869.542231 -0.149297521 -0.711961746 -0.208520889 -0.197647154 -0.115034573 0.063462898 0.971429408
3869.575378 -0.148943275 -0.716179848 -0.205606848 -0.189487249 -0.143521115 0.070419103 0.968781412
3869.608499 -0.147536620 -0.720262825 -0.206679270 -0.181199715 -0.164691597 0.074014753 0.966729105
3869.642169 -0.140586153 -0.722604215 -0.200084522 -0.170656636 -0.179471672 0.073877476 0.966027141
3869.675306 -0.135899708 -0.723720729 -0.198281616 -0.163469404 -0.187193334 0.067365080 0.966280699
3869.708655 -0.128596455 -0.724050641 -0.195926428 -0.158440307 -0.192110792 0.059424937 0.966674089
3869.741989 -0.120014265 -0.726789594 -0.194392502 -0.152526647 -0.194833875 0.053445257 0.967429101
3869.775322 -0.112011954 -0.727331340 -0.193689734 -0.144608900 -0.194363102 0.048968490 0.968975425
3869.808638 -0.102997229 -0.731808662 -0.194288343 -0.136050880 -0.190802634 0.046452925 0.971044123
3869.841988 -0.093270034 -0.736698747 -0.194501132 -0.128453255 -0.185491338 0.043381184 0.973247588
3869.875322 -0.085828759 -0.738244295 -0.194831282 -0.119901434 -0.176616251 0.040141761 0.976124465
3869.908655 -0.079497345 -0.740926564 -0.195190951 -0.113509052 -0.163785219 0.037624061 0.979221404
3869.941987 -0.072110146 -0.743928254 -0.197212741 -0.108524859 -0.150214136 0.036115043 0.982015133
3869.975321 -0.068040408 -0.745404482 -0.196871951 -0.105583787 -0.137851536 0.035240024 0.984178424
3870.008656 -0.064924292 -0.746106267 -0.197337091 -0.101529323 -0.127502754 0.035177477 0.986000717
3870.041988 -0.064229302 -0.747608364 -0.195328698 -0.096944302 -0.118992142 0.035002869 0.987531006
3870.075324 -0.066482969 -0.748548925 -0.196925163 -0.092604093 -0.115635835 0.034796774 0.988353193
3870.108638 -0.068232849 -0.747825146 -0.196849003 -0.090189710 -0.116686098 0.035426643 0.988430619
3870.141988 -0.072870210 -0.745438397 -0.194210231 -0.091071814 -0.120414548 0.036725122 0.987855017
3870.175306 -0.079477519 -0.743879020 -0.192786053 -0.094374128 -0.126365200 0.037752382 0.986762464
3870.208638 -0.084327996 -0.740809500 -0.189764068 -0.098466456 -0.134545371 0.039356336 0.985217273
3870.241989 -0.088701829 -0.736550808 -0.189421877 -0.101813741 -0.144157588 0.041844320 0.983413279
3870.275305 -0.095131494 -0.734769583 -0.185561255 -0.105505779 -0.152508110 0.044747595 0.981635094
3870.308639 -0.100308418 -0.731683135 -0.183403671 -0.110254884 -0.160539776 0.047306050 0.979710698
3870.341972 -0.104257308 -0.730469882 -0.182940975 -0.113878638 -0.168836743 0.050146580 0.977758229
3870.375319 -0.107666850 -0.725251973 -0.175421849 -0.118767112 -0.176462010 0.050940629 0.975787163
3870.408655 -0.110338122 -0.722143710 -0.170597211 -0.126507521 -0.182638824 0.050010037 0.973723710
3870.441989 -0.110977381 -0.721965492 -0.167422369 -0.133114085 -0.187980935 0.049615521 0.971844673
3870.475326 -0.111458674 -0.721370339 -0.165536717 -0.133956298 -0.190341070 0.048721302 0.971314728
3870.508653 -0.107896388 -0.723774433 -0.164469212 -0.132598653 -0.188315809 0.047149837 0.971973062
3870.541986 -0.105531074 -0.725437880 -0.165767863 -0.133253768 -0.180904597 0.044491239 0.973415375
3870.575330 -0.102633335 -0.726701677 -0.164583042 -0.138604298 -0.168478981 0.041865088 0.975013316
3870.608656 -0.098196983 -0.727559030 -0.164068013 -0.140779838 -0.157505527 0.041195802 0.976563394
3870.641990 -0.093145542 -0.728914738 -0.164244413 -0.139482111 -0.148966521 0.040630538 0.978111923
3870.675321 -0.089021213 -0.732144594 -0.166497245 -0.140284732 -0.140394181 0.038384076 0.979355037
3870.708639 -0.084543914 -0.732639432 -0.166625187 -0.140796170 -0.131477788 0.035588883 0.980624020
3870.741989 -0.080029920 -0.734176993 -0.168499395 -0.138405025 -0.123121671 0.035806172 0.982040226
3870.775322 -0.075871333 -0.736390710 -0.169359118 -0.135845989 -0.116890162 0.037898052 0.983080029
3870.808655 -0.074067295 -0.736758590 -0.168272957 -0.135930866 -0.112608463 0.041086603 0.983439922
3870.841972 -0.074784659 -0.734644890 -0.169985279 -0.134595305 -0.109240249 0.044543289 0.983852923
3870.875323 -0.075933635 -0.732707858 -0.169362992 -0.135128751 -0.109676443 0.047870126 0.983574986
3870.908655 -0.078537457 -0.730984986 -0.169512793 -0.136904851 -0.114542112 0.052789189 0.982522547
3870.941972 -0.082614951 -0.730030835 -0.169541895 -0.137316689 -0.122482352 0.058354903 0.981191576
3870.975305 -0.087038182 -0.727256477 -0.168794155 -0.136020914 -0.130906567 0.061881542 0.980067611
3871.008656 -0.092683971 -0.726078808 -0.168194830 -0.137306005 -0.136700824 0.062253904 0.979073226
3871.041988 -0.097802825 -0.725250840 -0.167059258 -0.139842883 -0.141970396 0.061678622 0.978000104
3871.075322 -0.105053686 -0.722721040 -0.164789408 -0.141320348 -0.148209900 0.061367109 0.976881027
3871.108638 -0.111664727 -0.721763670 -0.161986664 -0.142943129 -0.156451181 0.060896587 0.975388110
3871.141989 -0.117606282 -0.721208751 -0.162206605 -0.144733429 -0.166095063 0.060221288 0.973569751
3871.175320 -0.122412726 -0.719818294 -0.158754840 -0.146018624 -0.175506130 0.060559426 0.971704066
3871.208656 -0.126678631 -0.719888031 -0.156404957 -0.147762358 -0.181319401 0.060725316 0.970361769
3871.241987 -0.128609493 -0.719092548 -0.154566348 -0.150348946 -0.183483481 0.058567557 0.969690084
3871.275324 -0.131432295 -0.719013870 -0.151691556 -0.153851479 -0.181914508 0.055013098 0.969644487
3871.308639 -0.132035062 -0.720231056 -0.150871605 -0.156902358 -0.180239350 0.050189581 0.969730139
3871.341987 -0.132584110 -0.721023500 -0.150726721 -0.157799795 -0.180825502 0.044906739 0.969734371
3871.375321 -0.130265892 -0.723100126 -0.151204631 -0.156752154 -0.183704272 0.039601143 0.969594359
3871.408657 -0.127227232 -0.726123929 -0.152485505 -0.155133426 -0.185097471 0.034126677 0.969797909
3871.441990 -0.120994531 -0.729377687 -0.155722842 -0.153160393 -0.182935357 0.030193511 0.970651805
3871.475322 -0.113882273 -0.730954051 -0.156966850 -0.150414154 -0.173796460 0.027942833 0.972825587
3871.508656 -0.105434574 -0.733958364 -0.159770042 -0.148599848 -0.160545141 0.026852464 0.975408792
3871.541989 -0.096705683 -0.736054063 -0.162295893 -0.146922067 -0.146873057 0.026458107 0.977825224
3871.575324 -0.089191966 -0.738449216 -0.167368218 -0.143494219 -0.134355620 0.025709059 0.980151534
3871.608655 -0.082278460 -0.740496933 -0.170688093 -0.138959572 -0.124406405 0.021836534 0.982209980
3871.641991 -0.076500781 -0.741612554 -0.173827469 -0.133720964 -0.115943640 0.016288852 0.984078467
3871.675380 -0.072487704 -0.742573142 -0.175789878 -0.129979447 -0.108329855 0.011356432 0.985515594
3871.708598 -0.069852389 -0.743560255 -0.181355268 -0.126606792 -0.102517061 0.010456722 0.986585855
3871.742231 -0.067942053 -0.744331777 -0.179683343 -0.124951847 -0.099678509 0.012189877 0.987067699
3871.775364 -0.067998573 -0.743138850 -0.180271670 -0.123738937 -0.098711766 0.013699817 0.987297833
3871.808712 -0.069596738 -0.743254542 -0.179880947 -0.122415096 -0.100311182 0.014852360 0.987285018
3871.842045 -0.073191069 -0.743266523 -0.180237442 -0.121459782 -0.103681602 0.015220106 0.987049162
3871.875263 -0.074635394 -0.742007971 -0.180798799 -0.119915478 -0.109033860 0.016769271 0.986636043
3871.908948 -0.080911696 -0.740924120 -0.178135991 -0.120225988 -0.115199327 0.017816173 0.985879064
3871.942110 -0.088086113 -0.739510536 -0.176261961 -0.121885665 -0.120773911 0.018660679 0.984992087
3871.975324 -0.094706059 -0.738017917 -0.175955161 -0.123576418 -0.126667723 0.019700790 0.984020352
3872.008653 -0.103641078 -0.736240685 -0.174891472 -0.124753185 -0.133273453 0.020007737 0.982992649
3872.042046 -0.112817109 -0.735428452 -0.171964481 -0.125858054 -0.140951797 0.019505784 0.981790125
3872.075270 -0.120067716 -0.733895719 -0.173023820 -0.126575515 -0.148313642 0.019570131 0.980611444
3872.108964 -0.128886640 -0.732980311 -0.168685302 -0.129301041 -0.156365559 0.020204023 0.978990734
3872.142114 -0.135520250 -0.730392575 -0.165238589 -0.131804064 -0.163682833 0.021517713 0.977431655
3872.175248 -0.139300257 -0.731050789 -0.167968810 -0.131605923 -0.169686303 0.022568859 0.976410329
3872.208966 -0.142327115 -0.729024887 -0.164984688 -0.130156353 -0.175022379 0.022760235 0.975658000
3872.242112 -0.143822894 -0.729931772 -0.163708091 -0.129972219 -0.178496107 0.023969926 0.975023985
3872.275248 -0.140760541 -0.728992224 -0.165961877 -0.128841653 -0.181209922 0.027955573 0.974567235
3872.308964 -0.140393823 -0.728822827 -0.163709283 -0.128437385 -0.181972057 0.031939395 0.974356115
3872.342095 -0.136097312 -0.728591740 -0.164319336 -0.127850994 -0.180946693 0.034858767 0.974524140
3872.375264 -0.130054221 -0.728123724 -0.167022586 -0.127918407 -0.175220251 0.036445539 0.975503206
3872.408965 -0.123840109 -0.726985633 -0.164228097 -0.131847978 -0.164385274 0.037088819 0.976840854
3872.442111 -0.117275007 -0.727154613 -0.162092417 -0.132175460 -0.156515270 0.038092252 0.978049934
3872.475264 -0.109436914 -0.728854418 -0.166860193 -0.130922437 -0.155287579 0.039114777 0.978373706
3872.508965 -0.103659466 -0.729183674 -0.165880263 -0.129093334 -0.156411543 0.040131778 0.978396595
3872.542111 -0.098054692 -0.729947269 -0.166851103 -0.125509635 -0.154686823 0.040125065 0.979137003
3872.575265 -0.091672041 -0.732955694 -0.171731189 -0.122517839 -0.150736675 0.039355449 0.980162740
3872.608948 -0.083708718 -0.733464897 -0.170086876 -0.121356063 -0.146711126 0.038798019 0.980940044
3872.642110 -0.077793717 -0.733631909 -0.170733616 -0.119968027 -0.140185669 0.041161653 0.981968105
3872.675322 -0.071383439 -0.732709050 -0.174488723 -0.118814357 -0.132059202 0.044946428 0.983068347
3872.708782 -0.066485301 -0.730994403 -0.173681200 -0.119056173 -0.123478599 0.047707971 0.984023690
3872.741988 -0.063817039 -0.731772840 -0.177780390 -0.118241593 -0.116052285 0.050528169 0.984884620
3872.775445 -0.061334163 -0.730899930 -0.177493349 -0.117682531 -0.112007402 0.052843515 0.985298336
3872.808655 -0.061086137 -0.730502784 -0.180467933 -0.118481919 -0.110272638 0.055030957 0.985278428
3872.842111 -0.061992642 -0.729210794 -0.180648088 -0.120331801 -0.110266283 0.058367081 0.984862924
3872.875266 -0.061618928 -0.728224099 -0.182940245 -0.121572413 -0.110258415 0.061954957 0.984492183
3872.908965 -0.066121414 -0.725311637 -0.181244552 -0.122348867 -0.110117190 0.062489532 0.984378040
3872.942113 -0.070827886 -0.723730803 -0.179645032 -0.122560747 -0.110850744 0.061981570 0.984301388
3872.975249 -0.075373970 -0.721945286 -0.182351798 -0.124075919 -0.112657428 0.060773194 0.983981788
3873.008966 -0.082543410 -0.719623744 -0.177634478 -0.128686965 -0.115032136 0.059542473 0.983189702
3873.042096 -0.089763664 -0.717517972 -0.177174717 -0.132764280 -0.119222239 0.058881059 0.982187748
3873.075266 -0.097250991 -0.715931058 -0.179169327 -0.136616483 -0.124739453 0.058823701 0.980976999
3873.108900 -0.105231822 -0.713721275 -0.173664197 -0.140727624 -0.133065760 0.058885489 0.979296565
3873.142046 -0.113104738 -0.711100101 -0.173495680 -0.143935442 -0.142475307 0.058366254 0.977536082
3873.175382 -0.118564785 -0.709622204 -0.170500219 -0.148375586 -0.152193755 0.056275364 0.975528002
3873.208711 -0.122870699 -0.708657265 -0.169082522 -0.152224109 -0.159623116 0.053959694 0.973877132
3873.242030 -0.123846613 -0.708345950 -0.166553140 -0.154845044 -0.164656222 0.052309569 0.972715318
3873.275379 -0.123561203 -0.708047032 -0.166221112 -0.156711176 -0.167532668 0.049914941 0.972050905
3873.308713 -0.119873323 -0.708801210 -0.164853543 -0.159937590 -0.168785751 0.046255257 0.971489489
3873.342047 -0.115020350 -0.708435297 -0.166002914 -0.161125511 -0.165846348 0.042767100 0.971959114
3873.375381 -0.106286712 -0.708165586 -0.164394498 -0.161806941 -0.159861997 0.040192865 0.972957969
3873.408697 -0.096422374 -0.711750507 -0.167458013 -0.161026597 -0.152375162 0.040717237 0.974266112
3873.442046 -0.087512337 -0.711098611 -0.168319836 -0.162460536 -0.143452868 0.038924996 0.975455165
3873.475380 -0.078561962 -0.711104572 -0.169999734 -0.168343112 -0.130522221 0.033308670 0.976480961
3873.508714 -0.067838825 -0.709303200 -0.169584662 -0.176187560 -0.113301195 0.027906250 0.977415979
3873.542050 -0.060424395 -0.707485676 -0.170331955 -0.186191663 -0.091845728 0.023206111 0.977935851
3873.575381 -0.054077692 -0.708594143 -0.170572922 -0.199567169 -0.066874713 0.018158128 0.977430820
3873.608713 -0.049354978 -0.705546737 -0.171181217 -0.211950511 -0.042018004 0.011917613 0.976303995
3873.642047 -0.047183204 -0.704324782 -0.173813209 -0.217617750 -0.021974644 0.008956355 0.975745559
3873.675388 -0.046973266 -0.705812037 -0.179357320 -0.218025357 -0.009301241 0.009657332 0.975850999
3873.708696 -0.048213199 -0.707164884 -0.185215324 -0.220029265 0.002537763 0.008408804 0.975453734
3873.742048 -0.050801422 -0.707560182 -0.191549018 -0.229992554 0.019625951 0.001156971 0.972993791
3873.775380 -0.056300115 -0.707134902 -0.199271858 -0.246539339 0.038718961 -0.010771854 0.968299091
3873.808713 -0.062194418 -0.707282722 -0.206467658 -0.258687645 0.052975722 -0.019403763 0.964312077
3873.842045 -0.071800508 -0.710529745 -0.216107070 -0.268196940 0.063691467 -0.028653597 0.960829198
3873.875364 -0.082387157 -0.713336110 -0.224390313 -0.276159257 0.070996664 -0.036810987 0.957778990
3873.908715 -0.093827888 -0.714630067 -0.234064236 -0.279114962 0.075643614 -0.044194326 0.956252992
3873.942046 -0.105589584 -0.719654918 -0.245259613 -0.278532386 0.075357720 -0.048199799 0.956251919
3873.975380 -0.116273001 -0.721441448 -0.256248534 -0.276707560 0.070587717 -0.052000973 0.956946313
3874.008711 -0.125746548 -0.723985136 -0.267083883 -0.274929136 0.062708125 -0.055994265 0.957781971
3874.042031 -0.133017465 -0.725618124 -0.278400064 -0.270247281 0.052804809 -0.058063127 0.959586740
3874.075366 -0.138228506 -0.725579619 -0.287067473 -0.269013107 0.041382790 -0.059900247 0.960380852
3874.108714 -0.140963599 -0.725890279 -0.293072641 -0.272235155 0.032611001 -0.059106797 0.959859848
3874.142048 -0.140220478 -0.726294518 -0.296707094 -0.273693085 0.030850524 -0.055981241 0.959690809
3874.175382 -0.136785910 -0.726244509 -0.298962772 -0.272463560 0.035656825 -0.049880117 0.960210502
3874.208719 -0.131672680 -0.728409469 -0.301219672 -0.269636661 0.044224668 -0.042770132 0.960994780
3874.242047 -0.124902755 -0.730769157 -0.302844554 -0.265998662 0.055373762 -0.034021586 0.961780131
3874.275379 -0.115387440 -0.731301248 -0.306278139 -0.260703266 0.070378155 -0.023594270 0.962561190
3874.308696 -0.104615770 -0.730565071 -0.311784059 -0.255920589 0.093162492 -0.012369177 0.962118745
3874.342045 -0.093852319 -0.729122221 -0.318137169 -0.251750171 0.118262380 0.000212923 0.960539341
3874.375381 -0.083124056 -0.728145123 -0.323791713 -0.251735032 0.134326816 0.013295769 0.958336592
3874.408715 -0.072258368 -0.724365711 -0.326401025 -0.256441265 0.140271157 0.023190929 0.956046104
3874.442047 -0.064405233 -0.724401414 -0.326597214 -0.259708881 0.150890946 0.031528596 0.953304350
3874.475383 -0.058158431 -0.723710358 -0.326123476 -0.259152710 0.163063437 0.036369309 0.951276779
3874.508714 -0.055294149 -0.723513246 -0.326919615 -0.257839352 0.166267455 0.036264211 0.951083004
3874.542047 -0.054266822 -0.724672198 -0.328798652 -0.257058680 0.162998214 0.033054873 0.951976776
3874.575381 -0.053694427 -0.723974049 -0.330362499 -0.256827831 0.158634394 0.030369375 0.952865303
3874.608697 -0.055290107 -0.726198077 -0.329926610 -0.257668644 0.155744746 0.029612882 0.953138828
3874.642048 -0.056502227 -0.725653708 -0.329961568 -0.256587535 0.153585985 0.029921295 0.953770876
3874.675380 -0.059911970 -0.727857828 -0.329894125 -0.255789995 0.149370328 0.028727090 0.954690933
3874.708715 -0.065289408 -0.729349613 -0.329850614 -0.254829139 0.140797853 0.024930814 0.956355870
3874.742047 -0.072075918 -0.729317009 -0.329536378 -0.252502650 0.129177004 0.019904908 0.958728075
3874.775380 -0.080329709 -0.731637597 -0.328601629 -0.250790626 0.117357329 0.014602430 0.960790396
3874.808715 -0.088044465 -0.732523024 -0.329073370 -0.248744830 0.105288468 0.009819822 0.962779284
3874.842046 -0.096552767 -0.733308852 -0.328145474 -0.246943012 0.093643144 0.004722248 0.964483202
3874.875364 -0.104251869 -0.735154748 -0.327614784 -0.244806826 0.082925595 -0.000302082 0.966019094
3874.908699 -0.111014538 -0.737497091 -0.327264845 -0.243696466 0.073660962 -0.004606179 0.967039227
3874.942046 -0.115815736 -0.738429368 -0.326825976 -0.243185639 0.065935865 -0.007795465 0.967704713
3874.975381 -0.120605648 -0.739188552 -0.326245070 -0.241832763 0.060823787 -0.009980474 0.968358338
3875.008712 -0.124365620 -0.741826296 -0.324708015 -0.239707693 0.058442328 -0.011742592 0.969013333
3875.042046 -0.124677271 -0.742077649 -0.324882388 -0.236188754 0.058330726 -0.012829491 0.969870031
3875.075380 -0.124514654 -0.741826892 -0.323773503 -0.232928723 0.060379330 -0.013843467 0.970518887
3875.108780 -0.120237634 -0.741819382 -0.322975338 -0.231133208 0.063971885 -0.012255172 0.970739365
3875.141989 -0.117628723 -0.743348897 -0.323811233 -0.231255323 0.070169054 -0.010945247 0.970297635
3875.175695 -0.111403480 -0.744036674 -0.320478082 -0.230426207 0.078552723 -0.008485856 0.969876945
3875.208835 -0.105107442 -0.743334651 -0.319972694 -0.228952140 0.088244356 -0.006407968 0.969408512
3875.241990 -0.097839497 -0.743952990 -0.322278410 -0.227795035 0.097712524 -0.002831040 0.968789816
3875.275639 -0.089837983 -0.744840443 -0.319163799 -0.229108512 0.107192881 0.002306858 0.967478037
3875.308779 -0.082128830 -0.743416607 -0.318227202 -0.229226530 0.116324715 0.006157146 0.966377735
3875.342048 -0.075184681 -0.741997480 -0.319221407 -0.226510525 0.124813914 0.009207278 0.965934634
3875.375382 -0.067363083 -0.742165327 -0.319408000 -0.225259513 0.133391127 0.011417100 0.965056837
3875.408780 -0.060923863 -0.744128764 -0.319159746 -0.224768937 0.142361298 0.013840186 0.963857174
3875.441988 -0.055911213 -0.744258463 -0.323594302 -0.223686606 0.149477392 0.015903644 0.962999463
3875.475636 -0.049014736 -0.743701994 -0.325012475 -0.222461119 0.156469524 0.017418537 0.962145984
3875.508698 -0.046815891 -0.743629813 -0.329567671 -0.220696613 0.163217217 0.020114863 0.961378455
3875.542111 -0.043679584 -0.742961049 -0.331896275 -0.218909591 0.166492045 0.024712037 0.961118281
3875.575324 -0.044341568 -0.742507696 -0.336891055 -0.218089685 0.166039363 0.028160674 0.961288095
3875.609032 -0.042808209 -0.741664469 -0.335923523 -0.219414413 0.163017184 0.029419584 0.961466193
3875.642112 -0.045010101 -0.739018679 -0.337060302 -0.221989229 0.160767853 0.030794054 0.961210847
3875.675307 -0.051236141 -0.739368439 -0.340434074 -0.225866064 0.157395959 0.031503532 0.960842609
3875.709032 -0.053906217 -0.738132358 -0.339817405 -0.231650084 0.150417581 0.030583078 0.960613072
3875.742098 -0.060213909 -0.734153986 -0.339477479 -0.237843081 0.142583027 0.027005244 0.960401773
3875.775365 -0.066264555 -0.735003531 -0.342123002 -0.245745793 0.134366721 0.022172319 0.959720254
3875.808838 -0.073356792 -0.733640671 -0.340292454 -0.253134280 0.126925811 0.016818650 0.958921254
3875.841989 -0.080582052 -0.735614598 -0.343477368 -0.259219468 0.119799733 0.012578749 0.958277166
3875.875697 -0.088026769 -0.735103071 -0.340377688 -0.267368674 0.113822415 0.008878252 0.956807017
3875.908842 -0.092100799 -0.734403253 -0.339928627 -0.273689955 0.109337971 0.006213283 0.955562890
3875.941989 -0.097762376 -0.735001087 -0.342929929 -0.279058188 0.106907837 0.004211723 0.954295337
3875.975698 -0.100667842 -0.735065579 -0.340109587 -0.285564601 0.103836387 0.002696499 0.952713788
3876.008837 -0.103493661 -0.735283911 -0.339896888 -0.291291833 0.103518203 0.001216298 0.951016068
3876.041987 -0.105635025 -0.738650143 -0.341797411 -0.298242509 0.106181435 0.001642894 0.948564291
3876.075762 -0.104210682 -0.734522998 -0.338519752 -0.305902809 0.110957935 0.003906710 0.945566833
3876.108902 -0.104194649 -0.735886395 -0.337046325 -0.311443716 0.115114510 0.003440222 0.943260133
3876.142034 -0.103804834 -0.735756457 -0.341013312 -0.309851527 0.118411429 0.000583915 0.943382442
3876.175551 -0.102317952 -0.736318707 -0.342022032 -0.304051608 0.122629672 -0.000536951 0.944729745
3876.208715 -0.102788568 -0.733358502 -0.343917370 -0.298877060 0.127189219 0.001786693 0.945775986
3876.242238 -0.099522866 -0.732006907 -0.344769418 -0.299760818 0.128996372 0.006779090 0.945228815
3876.275381 -0.097429246 -0.730333567 -0.348765165 -0.302554607 0.129080757 0.008577514 0.944312096
3876.308903 -0.093039036 -0.726675153 -0.348533154 -0.302000850 0.130114868 0.008170974 0.944351017
3876.342046 -0.090509981 -0.724550605 -0.354770631 -0.298033416 0.132742912 0.007661719 0.945249557
3876.375569 -0.085209414 -0.726324141 -0.354514688 -0.293417156 0.138877109 0.010107277 0.945789278
3876.408714 -0.083026029 -0.730400980 -0.358361840 -0.285680383 0.149167642 0.014437575 0.946534395
3876.442234 -0.077213928 -0.730993807 -0.359386384 -0.275856256 0.161181957 0.019442942 0.947388887
3876.475326 -0.075432509 -0.733386576 -0.364419907 -0.269485921 0.168547288 0.022927830 0.947862625
3876.509100 -0.074151471 -0.735318422 -0.363892168 -0.264720917 0.170995787 0.021825582 0.948792338
3876.542171 -0.076608747 -0.737339556 -0.366838187 -0.257152855 0.169057488 0.018780040 0.951282978
3876.575323 -0.080710605 -0.743569374 -0.370281398 -0.249781981 0.163280517 0.015327655 0.954313159
3876.609014 -0.086134374 -0.744385481 -0.368644595 -0.242933974 0.154749885 0.012026076 0.957544208
3876.642168 -0.094094768 -0.744682431 -0.369859993 -0.237886608 0.143131241 0.008648547 0.960650146
3876.675322 -0.103269294 -0.748749077 -0.375153750 -0.234391555 0.129040375 0.005419956 0.963524699
3876.709030 -0.112957343 -0.748393655 -0.375179172 -0.231802031 0.113528058 0.002058259 0.966113329
3876.742171 -0.123214990 -0.749542773 -0.375585794 -0.230010241 0.098976508 -0.001229948 0.968141258
3876.775326 -0.132534668 -0.751653373 -0.379934698 -0.227722093 0.084789358 -0.005513020 0.970011890
3876.809033 -0.142584637 -0.751481771 -0.379777908 -0.224730283 0.070485540 -0.010404912 0.971812665
3876.842170 -0.149842024 -0.752712667 -0.380832344 -0.221974567 0.057420466 -0.015080709 0.973243415
3876.875381 -0.157980993 -0.754523993 -0.384557307 -0.219492167 0.047653358 -0.018886982 0.974266708
3876.908967 -0.162288785 -0.754562676 -0.384424686 -0.216806874 0.040924367 -0.021371266 0.975122154
3876.942112 -0.167338535 -0.755979121 -0.385880411 -0.214174256 0.038176756 -0.023596717 0.975763857
3876.975446 -0.167906135 -0.759576499 -0.388298839 -0.211861804 0.037748355 -0.024177236 0.976271033
3877.008780 -0.166006461 -0.759525716 -0.388229460 -0.209832653 0.040596273 -0.024201611 0.976594329
3877.042112 -0.164677858 -0.759417057 -0.389325440 -0.207843930 0.046387017 -0.023216674 0.976785660
3877.075430 -0.159213722 -0.758433461 -0.388722777 -0.207170174 0.054620352 -0.020317947 0.976567626
3877.108763 -0.152898803 -0.758481264 -0.390342027 -0.207011774 0.065476432 -0.015540480 0.976021230
3877.142112 -0.145899519 -0.758322716 -0.390349597 -0.207661018 0.078288116 -0.009888859 0.975012898
3877.175430 -0.137780488 -0.757254243 -0.390236974 -0.207478374 0.092406861 -0.004274363 0.973855972
3877.208763 -0.130484700 -0.755069077 -0.390147746 -0.206878141 0.106838524 0.000924545 0.972515345
3877.242113 -0.120512977 -0.756739676 -0.390634030 -0.206175074 0.120716460 0.006043010 0.971021593
3877.275449 -0.114551336 -0.756139278 -0.390605688 -0.205340073 0.134868115 0.010089015 0.969300926
3877.308778 -0.105044395 -0.755170047 -0.391955376 -0.204587772 0.147726208 0.014817607 0.967523277
3877.342112 -0.097395480 -0.754170418 -0.392831296 -0.204376936 0.159300193 0.018010145 0.965675533
3877.375446 -0.091953173 -0.754146457 -0.393798649 -0.204583362 0.169547930 0.020448467 0.963836610
3877.408782 -0.087355174 -0.754128754 -0.395330369 -0.205171093 0.177414596 0.022564577 0.962247252
3877.442112 -0.081634387 -0.754178584 -0.395900279 -0.205770999 0.182913467 0.024997883 0.961028636
3877.475447 -0.078619085 -0.755233467 -0.396230936 -0.206679478 0.186582029 0.026764311 0.960080445
3877.508787 -0.076266475 -0.754920483 -0.398118436 -0.206182808 0.187649503 0.029069852 0.959912121
3877.542113 -0.074398160 -0.755483925 -0.398685992 -0.205150589 0.186380431 0.030922849 0.960322559
3877.575446 -0.075385787 -0.757689238 -0.400192410 -0.203611270 0.182641789 0.032148827 0.961327672
3877.608779 -0.078050882 -0.758475065 -0.399697721 -0.201768711 0.177162468 0.031873729 0.962749660
3877.642113 -0.080989897 -0.760295391 -0.400325119 -0.199339435 0.169142753 0.030229775 0.964749038
3877.675445 -0.084974512 -0.760328650 -0.402478367 -0.196076289 0.159622118 0.026744626 0.967139900
3877.708780 -0.090299338 -0.760468721 -0.402199924 -0.192870349 0.148467496 0.022036796 0.969676673
3877.742113 -0.096538723 -0.761576056 -0.404748499 -0.189323574 0.136125356 0.017725978 0.972271740
3877.775446 -0.102587402 -0.761488080 -0.404946566 -0.186096907 0.123107344 0.013172004 0.974699497
3877.808781 -0.108674280 -0.761483431 -0.405056387 -0.183622912 0.111117028 0.009517290 0.976649940
3877.842112 -0.113030799 -0.760610580 -0.405527890 -0.182701632 0.100041568 0.006839299 0.978041410
3877.875430 -0.117425740 -0.760005474 -0.405261636 -0.183279797 0.091498628 0.004675358 0.978782237
3877.908780 -0.118829578 -0.757436752 -0.405685633 -0.185022801 0.084573589 0.003826170 0.979080856
3877.942112 -0.121468954 -0.759977520 -0.404743165 -0.188099146 0.080156542 0.002990358 0.978869140
3877.975447 -0.121765956 -0.762938857 -0.404027462 -0.189057693 0.077762075 0.002726241 0.978878319
3878.008763 -0.122386307 -0.764952421 -0.405000061 -0.188085943 0.077078141 0.001639009 0.979122043
3878.042114 -0.120022878 -0.766693771 -0.404236048 -0.186448887 0.078876339 0.001973916 0.979291320
3878.075447 -0.115929693 -0.767373860 -0.403800309 -0.185301155 0.083150119 0.003674726 0.979150653
3878.108782 -0.111049965 -0.765243888 -0.401799083 -0.184305727 0.090229690 0.008413187 0.978682399
3878.142113 -0.107391566 -0.765917659 -0.401326299 -0.184842616 0.099115372 0.014700807 0.977646768
3878.175445 -0.102955095 -0.765108585 -0.399355710 -0.187649697 0.109209955 0.021179792 0.975916088
3878.208778 -0.096459121 -0.764172375 -0.397594213 -0.193145007 0.118867829 0.026407156 0.973585188
3878.242114 -0.092367433 -0.761687100 -0.395246238 -0.200009167 0.128846288 0.029836839 0.970826805
3878.275445 -0.088441901 -0.758675814 -0.392571151 -0.206074238 0.137982428 0.032246273 0.968222320
3878.308780 -0.084774829 -0.759038627 -0.392603934 -0.210018858 0.145177171 0.034043316 0.966259122
3878.342114 -0.083845519 -0.757856727 -0.390974939 -0.212660164 0.150202528 0.035348270 0.964865506
3878.375446 -0.082100719 -0.756620705 -0.389650881 -0.214701176 0.150784969 0.037250303 0.964250863
3878.408782 -0.082003631 -0.756525040 -0.389021486 -0.218070090 0.148015454 0.038964953 0.963856161
3878.442115 -0.085519060 -0.754642069 -0.389630169 -0.222038940 0.142867655 0.039302353 0.963713050
3878.475455 -0.091704264 -0.754143715 -0.388804853 -0.226605445 0.135463387 0.038004331 0.963771462
3878.508780 -0.096778236 -0.753558338 -0.388634473 -0.229995161 0.124864340 0.035397235 0.964498937
3878.542114 -0.104040623 -0.753380656 -0.388520241 -0.232003063 0.111468032 0.031210965 0.965802968
3878.575446 -0.112258419 -0.751843572 -0.389045149 -0.232439220 0.095665388 0.026530258 0.967531025
3878.608781 -0.120805874 -0.751629055 -0.390503049 -0.232895449 0.078599669 0.021438438 0.969083190
3878.642097 -0.129867047 -0.750260174 -0.391503394 -0.233450145 0.062185023 0.015701259 0.970251262
3878.675446 -0.139393806 -0.749910712 -0.392463565 -0.234829307 0.047433861 0.009376872 0.970833361
3878.708903 -0.145552844 -0.749337673 -0.393832475 -0.236470029 0.033535596 0.003498806 0.971053600
3878.742032 -0.151484475 -0.748007059 -0.397060573 -0.236570925 0.023347491 -0.002176141 0.971331239
3878.775764 -0.154996157 -0.747736394 -0.395771623 -0.235552639 0.016247829 -0.005854997 0.971708119
3878.808885 -0.157301739 -0.748333097 -0.397485793 -0.234286666 0.012955637 -0.008608853 0.972043097
3878.842032 -0.158153430 -0.749979854 -0.401798308 -0.233634368 0.012426018 -0.009966823 0.972194016
3878.875763 -0.157362953 -0.750807106 -0.399613827 -0.234349534 0.014377252 -0.010438816 0.971990049
3878.908902 -0.153878570 -0.750116050 -0.397845149 -0.234668374 0.018933143 -0.009667595 0.971843004
3878.942049 -0.150623515 -0.749762058 -0.401247680 -0.234387815 0.025784010 -0.007845712 0.971769512
3878.975763 -0.143538550 -0.749106824 -0.398184657 -0.235535741 0.034433335 -0.004328475 0.971245885
3879.008903 -0.137993664 -0.750040710 -0.397167981 -0.236478522 0.045573615 0.000191842 0.970567346
3879.042048 -0.130458817 -0.748668492 -0.400006890 -0.237151444 0.057074778 0.004712019 0.969783187
3879.075765 -0.121811755 -0.748070836 -0.395869613 -0.238960624 0.070930392 0.010395544 0.968379378
3879.108908 -0.113131084 -0.747183919 -0.395359963 -0.240064695 0.085773550 0.015243593 0.966839969
3879.142048 -0.103915133 -0.746308982 -0.397307724 -0.240986422 0.100824974 0.020001734 0.965069830
3879.175747 -0.094365187 -0.744371414 -0.394310355 -0.243179291 0.116850592 0.024936378 0.962594390
3879.208903 -0.085040323 -0.744416416 -0.394349337 -0.245083958 0.129979223 0.030287104 0.960271835
3879.242032 -0.078257367 -0.743778944 -0.398497194 -0.246667475 0.140885100 0.035611503 0.958143234
3879.275768 -0.070108116 -0.740784228 -0.396143258 -0.248710543 0.150902107 0.040968370 0.955873072
3879.308837 -0.065317929 -0.740471184 -0.397190392 -0.249798074 0.158664063 0.045957126 0.954104125
3879.342171 -0.061872467 -0.741745055 -0.397549242 -0.250461608 0.162677899 0.049457174 0.953078628
3879.375506 -0.060927361 -0.742249727 -0.399200201 -0.249892458 0.163155138 0.051608913 0.953032374
3879.408839 -0.061585981 -0.742477596 -0.400192350 -0.249116391 0.160365388 0.052329492 0.953669548
3879.442154 -0.064249113 -0.742690265 -0.400741696 -0.248365477 0.154960975 0.051445957 0.954806268
3879.475503 -0.067471743 -0.742160320 -0.399933040 -0.247846276 0.147125334 0.048937231 0.956311405
3879.508836 -0.072273716 -0.741540372 -0.400162756 -0.247225672 0.136899918 0.045496278 0.958158612
3879.542172 -0.079119653 -0.743121088 -0.401083022 -0.246991381 0.125461459 0.041302670 0.959973335
3879.575503 -0.087773144 -0.742511630 -0.400342286 -0.246341184 0.113558233 0.035974339 0.961834908
3879.608838 -0.094348088 -0.742849827 -0.400380820 -0.245272085 0.100377850 0.030732716 0.963753819
3879.642155 -0.102925964 -0.744268060 -0.399908870 -0.244319573 0.087774105 0.024900233 0.965393007
3879.675489 -0.110285811 -0.742860794 -0.400182813 -0.242864162 0.075971887 0.018852228 0.966897070
3879.708821 -0.118441246 -0.745344758 -0.399179935 -0.242337868 0.066336416 0.013418595 0.967828393
3879.742170 -0.124245472 -0.745280862 -0.400329947 -0.241602674 0.058222208 0.008275865 0.968591690
3879.775501 -0.129922032 -0.744638681 -0.400158823 -0.241053998 0.052237872 0.003582965 0.969098210
3879.808837 -0.131674871 -0.744850814 -0.399985284 -0.240454808 0.048565332 0.000555734 0.969444454
3879.842155 -0.134044260 -0.746867657 -0.400380284 -0.239485025 0.048320472 -0.001479064 0.969695747
3879.875488 -0.132934839 -0.748376489 -0.400930285 -0.238064066 0.051231835 -0.001489387 0.969896197
3879.908837 -0.130277038 -0.747514367 -0.400571883 -0.236344472 0.057139173 -0.000296650 0.969987810
3879.942171 -0.125013053 -0.749297559 -0.399498671 -0.235908508 0.065348811 0.002806552 0.969571471
3879.975505 -0.120391525 -0.748979926 -0.398512483 -0.235641211 0.076150261 0.007254377 0.968824923
3880.008840 -0.114326179 -0.750081062 -0.398735821 -0.236121356 0.088217922 0.012408932 0.967631340
3880.042170 -0.106620163 -0.748374820 -0.398352474 -0.237148836 0.100912921 0.017587135 0.966057837
3880.075514 -0.101584323 -0.749660909 -0.396942139 -0.238869220 0.114228360 0.022546507 0.964046180
3880.108838 -0.094770454 -0.747341275 -0.398272991 -0.239131778 0.126337588 0.027688220 0.962334812
3880.142173 -0.088175565 -0.749200881 -0.398729920 -0.240395635 0.137031600 0.032577645 0.960401475
3880.175505 -0.083656684 -0.746911883 -0.399812460 -0.240640461 0.146098390 0.037000999 0.958842218
3880.208821 -0.079296835 -0.747700453 -0.400895953 -0.241826043 0.152839273 0.040438458 0.957353175
3880.242155 -0.076744236 -0.747102082 -0.400369108 -0.242583260 0.157203779 0.042905316 0.956346929
3880.275502 -0.075842507 -0.746513009 -0.400738776 -0.242075354 0.158409029 0.043825459 0.956235051
3880.308839 -0.077901989 -0.746809185 -0.401786625 -0.241422161 0.156283572 0.043118712 0.956781864
3880.342172 -0.080132335 -0.746904194 -0.401437551 -0.241610005 0.150777563 0.041823082 0.957675099
3880.375505 -0.084195614 -0.747464001 -0.401497483 -0.241997927 0.142851397 0.040276162 0.958857834
3880.408839 -0.088504568 -0.749039888 -0.400778115 -0.242210448 0.132932678 0.037612911 0.960337579
3880.442156 -0.094660252 -0.748472929 -0.401098371 -0.241651982 0.121618263 0.033297289 0.962135434
3880.475505 -0.101421162 -0.748056829 -0.399979621 -0.241247654 0.109736852 0.027970720 0.963833511
3880.508837 -0.107803747 -0.747841001 -0.399157345 -0.241348520 0.097213030 0.022434859 0.965296447
3880.542170 -0.116320252 -0.749042809 -0.399001718 -0.241473258 0.085043520 0.016910452 0.966525912
3880.575505 -0.123507813 -0.750352085 -0.400177360 -0.240588978 0.072598889 0.010802511 0.967847943
3880.608821 -0.132143244 -0.751173615 -0.400206238 -0.238984376 0.060752064 0.004792344 0.969109237
3880.642169 -0.139192134 -0.753512919 -0.402563512 -0.235734895 0.049363472 -0.000512424 0.970562756
3880.675504 -0.144801170 -0.754803479 -0.404435813 -0.231888562 0.039420586 -0.005578110 0.971927285
3880.708842 -0.148134649 -0.756292522 -0.405882835 -0.228737518 0.031798903 -0.008881605 0.972928107
3880.742169 -0.151557133 -0.757811487 -0.407491714 -0.226793379 0.027344534 -0.011342948 0.973492861
3880.775507 -0.151977330 -0.759082079 -0.407916665 -0.225672781 0.026591050 -0.011686655 0.973770082
3880.808837 -0.150850803 -0.759109139 -0.407888055 -0.225287259 0.029672869 -0.010697090 0.973781705
3880.842170 -0.146748170 -0.755738854 -0.406043917 -0.225178197 0.035879180 -0.009098735 0.973614275
3880.875505 -0.143374294 -0.757644594 -0.405997187 -0.225958124 0.044793539 -0.006217924 0.973086774
3880.908821 -0.138190255 -0.757389128 -0.404254019 -0.226524994 0.054785814 -0.002470662 0.972460210
3880.942172 -0.131618842 -0.757836282 -0.402186841 -0.227996096 0.065487660 0.001720352 0.971455753
3880.975506 -0.123435058 -0.754685163 -0.400980890 -0.228695154 0.076754950 0.007183056 0.970440924
3881.008838 -0.115598708 -0.756870747 -0.400140285 -0.230593309 0.088602550 0.013661225 0.968911588
3881.042172 -0.107829191 -0.754761279 -0.397852957 -0.232166141 0.101697102 0.019839976 0.967141628
3881.075506 -0.099514402 -0.756215930 -0.397879779 -0.233544856 0.114625126 0.026620649 0.965199113
3881.108822 -0.091638967 -0.755765557 -0.398264915 -0.234311700 0.126970232 0.032266516 0.963294089
3881.142170 -0.086165488 -0.756019711 -0.396286130 -0.235282615 0.138038695 0.037497550 0.961343527
3881.175504 -0.080814525 -0.755924881 -0.396362364 -0.236286983 0.145866260 0.041952051 0.959756017
3881.208821 -0.078359649 -0.754084051 -0.396053076 -0.237526312 0.151022315 0.045092348 0.958509386
3881.242174 -0.078254133 -0.754051447 -0.395600289 -0.239285186 0.152943999 0.046890717 0.957680583
3881.275488 -0.079459012 -0.754305661 -0.396497101 -0.239934415 0.151232511 0.047305956 0.957769454
3881.308822 -0.081213057 -0.754837215 -0.395826846 -0.239779547 0.145501837 0.045830637 0.958767176
3881.342174 -0.085711017 -0.755706608 -0.394865900 -0.238602176 0.136780456 0.042103209 0.960514188
3881.375504 -0.091419064 -0.757358491 -0.395678908 -0.236872911 0.124738634 0.036657505 0.962802052
3881.408838 -0.099716708 -0.757431209 -0.395219415 -0.235606372 0.111121133 0.029479230 0.965024769
3881.442172 -0.108030081 -0.756958723 -0.396220863 -0.234220311 0.096596375 0.022548392 0.967109919
3881.475504 -0.116194010 -0.756669760 -0.396526635 -0.232868373 0.082148634 0.015306079 0.968911588
3881.508839 -0.124460429 -0.758607090 -0.398815840 -0.231530160 0.067644544 0.008109730 0.970439196
3881.542172 -0.132458493 -0.757326543 -0.399903715 -0.229582056 0.054118667 0.000813286 0.971783221
3881.575506 -0.138979509 -0.758687079 -0.401484609 -0.227983087 0.041453000 -0.005583354 0.972766280
3881.608838 -0.144893155 -0.758613586 -0.402188301 -0.226358965 0.030412177 -0.011502500 0.973501146
3881.642300 -0.150523990 -0.758690417 -0.402284801 -0.224621505 0.022258792 -0.016058497 0.974059463
3881.675455 -0.154834434 -0.759140849 -0.406205297 -0.222913027 0.016484173 -0.019489191 0.974504113
3881.709224 -0.154430658 -0.759976387 -0.404745311 -0.221911490 0.013440081 -0.020035764 0.974768281
3881.742365 -0.152382597 -0.759711444 -0.405808210 -0.220366925 0.013862779 -0.019413702 0.975125313
3881.775504 -0.151470214 -0.759624660 -0.408170223 -0.218880698 0.018636603 -0.017972093 0.975408077
3881.808967 -0.148368642 -0.760486305 -0.406599075 -0.218466222 0.027117778 -0.014437647 0.975360811
3881.842114 -0.142427161 -0.763656795 -0.408816069 -0.217997834 0.037637852 -0.009735801 0.975174606
3881.875838 -0.134828150 -0.763037682 -0.406754136 -0.217849895 0.051317919 -0.003936657 0.974624276
3881.908968 -0.125099182 -0.762172937 -0.404497862 -0.217689261 0.066206120 0.002908231 0.973765731
3881.942112 -0.116570435 -0.762262166 -0.407654643 -0.217586055 0.081906103 0.009960708 0.972547412
3881.975834 -0.106524356 -0.761210442 -0.405345112 -0.217884496 0.099390686 0.018078445 0.970732212
3882.008968 -0.096477047 -0.761526525 -0.406817377 -0.217909947 0.115525819 0.026042257 0.968757391
3882.042113 -0.086649686 -0.761502564 -0.410228074 -0.217747748 0.130190641 0.033586785 0.966699719
3882.075840 -0.078768417 -0.760699749 -0.407967210 -0.218312323 0.144726709 0.040030241 0.964256942
3882.108907 -0.072490342 -0.759498596 -0.409326106 -0.218342632 0.155988961 0.044943556 0.962275505
3882.142116 -0.067783207 -0.760749936 -0.411729544 -0.218859911 0.164288759 0.048550509 0.960600078
3882.175841 -0.063733354 -0.759713173 -0.410171777 -0.219677866 0.170126930 0.050830957 0.959278226
3882.208903 -0.061713465 -0.759439826 -0.411762774 -0.219908431 0.172236457 0.052445002 0.958761930
3882.242114 -0.062718011 -0.759926796 -0.413114339 -0.220073342 0.171368569 0.052657306 0.958867967
3882.275838 -0.064023167 -0.759655416 -0.411468953 -0.220322087 0.167129666 0.051330335 0.959630668
3882.308910 -0.067734674 -0.759706974 -0.410427213 -0.220657468 0.159600928 0.048893623 0.960961640
3882.342173 -0.073815525 -0.758838832 -0.412533820 -0.220035478 0.149450794 0.045000885 0.962924600
3882.375618 -0.080037221 -0.761448503 -0.411439598 -0.221022680 0.136101395 0.039226998 0.964928329
3882.408784 -0.087405711 -0.760077119 -0.411495805 -0.220936865 0.121808343 0.033062026 0.967086613
3882.442502 -0.095450029 -0.759464741 -0.409486562 -0.220832542 0.105496369 0.026412219 0.969229579
3882.475570 -0.104280606 -0.758389473 -0.410057515 -0.219743520 0.090197526 0.020674774 0.971158981
3882.508903 -0.112634905 -0.761159062 -0.410843998 -0.219161272 0.075918257 0.015256823 0.972610891
3882.542237 -0.119194120 -0.760835886 -0.411680251 -0.217776850 0.063554399 0.009387387 0.973881900
3882.575554 -0.126085177 -0.761220634 -0.413131118 -0.217132837 0.053340212 0.004222878 0.974674463
3882.608906 -0.133330107 -0.760675132 -0.411807626 -0.217539385 0.045045000 -0.000156920 0.975011587
3882.642237 -0.137326360 -0.760443032 -0.411769897 -0.217291489 0.037702732 -0.003679179 0.975371420
3882.675568 -0.140360922 -0.761796415 -0.412632734 -0.217160940 0.032616034 -0.006044647 0.975572050
3882.708902 -0.143345252 -0.759359121 -0.413077295 -0.216473877 0.030939883 -0.008665366 0.975759566
3882.742235 -0.143181741 -0.760639071 -0.411851346 -0.216686770 0.032165211 -0.009331344 0.975666523
3882.775569 -0.140931889 -0.759997666 -0.410833448 -0.216828883 0.037396390 -0.008410439 0.975456834
3882.808904 -0.137829125 -0.761398435 -0.409192801 -0.217726126 0.046374358 -0.005588306 0.974891543
3882.842236 -0.132510498 -0.760820150 -0.408785462 -0.218710154 0.058319312 -0.001147092 0.974044859
3882.875570 -0.124964103 -0.761111200 -0.407653809 -0.219755948 0.072672777 0.005066646 0.972831130
3882.908903 -0.116403550 -0.759866714 -0.406620145 -0.220499083 0.088007472 0.010962639 0.971346855
3882.942238 -0.107592687 -0.760066867 -0.405235827 -0.220996216 0.103971697 0.017569102 0.969557583
3882.975570 -0.099325605 -0.761069775 -0.405555010 -0.221347362 0.119467333 0.023644768 0.967560768
3883.008887 -0.090267763 -0.760897994 -0.406265676 -0.221744210 0.134448797 0.029991606 0.965325654
3883.042236 -0.082756378 -0.757690310 -0.405102640 -0.222581849 0.149402454 0.035002667 0.962762237
3883.075490 -0.074979417 -0.757770836 -0.405104578 -0.223933071 0.163354397 0.040793993 0.959950626
3883.109097 -0.066313267 -0.756936967 -0.403832912 -0.225274965 0.175900146 0.045987803 0.957181036
3883.142171 -0.063172854 -0.758449912 -0.405130625 -0.225674018 0.186023876 0.049915589 0.954973698
3883.175763 -0.056795530 -0.755879700 -0.405745566 -0.225607440 0.192855865 0.053461019 0.953441083
3883.208840 -0.057015657 -0.757153153 -0.407474697 -0.226306275 0.196514338 0.055649836 0.952402592
3883.242433 -0.053754274 -0.755773365 -0.406864107 -0.227516696 0.195809260 0.057049744 0.952176571
3883.275509 -0.056035802 -0.756239891 -0.407867163 -0.227857709 0.191756934 0.057261780 0.952906787
3883.309097 -0.058174182 -0.754790366 -0.406302720 -0.227990687 0.184335873 0.055506300 0.954442024
3883.342171 -0.064629786 -0.756439447 -0.406888723 -0.227319792 0.175041735 0.052783545 0.956504047
3883.375763 -0.069784403 -0.757097781 -0.403069854 -0.226931974 0.163180262 0.048956759 0.958893836
3883.408823 -0.079830289 -0.758205712 -0.405125946 -0.225650713 0.150553539 0.042999856 0.961543739
3883.442429 -0.087360650 -0.759180009 -0.403982282 -0.225019395 0.135467947 0.036919072 0.964184463
3883.475569 -0.093693756 -0.759074152 -0.403911024 -0.224248350 0.119317055 0.030842436 0.966708243
3883.508902 -0.102527499 -0.758171916 -0.404281974 -0.223175377 0.103883095 0.023686655 0.968937576
3883.542237 -0.110489666 -0.759357631 -0.405348867 -0.222304076 0.089841224 0.016060047 0.970696449
3883.575571 -0.117858246 -0.759853363 -0.404593796 -0.221518397 0.078005433 0.009114174 0.971988559
3883.608904 -0.122237191 -0.759875357 -0.405795753 -0.220264852 0.068290383 0.004519780 0.973036170
3883.642237 -0.127634361 -0.759835005 -0.406139672 -0.219263285 0.060957126 0.001022043 0.973759115
3883.675571 -0.130855963 -0.760694265 -0.405494750 -0.218916580 0.055058755 -0.000669163 0.974188685
3883.708903 -0.132881016 -0.763188899 -0.406213254 -0.218727887 0.051751763 -0.001645275 0.974411190
3883.742238 -0.133216381 -0.763131857 -0.406279027 -0.218249276 0.051765960 -0.002217343 0.974516630
3883.775570 -0.130558088 -0.761250138 -0.404840469 -0.217516601 0.055513274 -0.001486435 0.974475563
3883.808905 -0.125247389 -0.761073887 -0.403266191 -0.218092635 0.062230855 0.001418197 0.973940909
3883.842235 -0.119720697 -0.763059914 -0.401257634 -0.219766110 0.071162291 0.006223781 0.972933710
3883.875572 -0.113710910 -0.759548903 -0.399135947 -0.220030099 0.082047142 0.010651527 0.971978188
3883.908888 -0.105268180 -0.762916446 -0.399103522 -0.221568316 0.093868852 0.016246250 0.970480382
3883.942238 -0.097046278 -0.760876119 -0.397305667 -0.222976148 0.107697666 0.021975085 0.968607247
3883.975569 -0.088510074 -0.760629892 -0.396086872 -0.224221095 0.123220287 0.028515631 0.966296315
3884.008905 -0.077456973 -0.759144068 -0.396582484 -0.223330364 0.139076829 0.036030605 0.964097023
3884.042221 -0.068347469 -0.759489298 -0.396030217 -0.222672209 0.155112103 0.044048000 0.961466134
3884.075573 -0.059868541 -0.758235693 -0.397801936 -0.222558722 0.169146329 0.051706053 0.958740652
3884.108904 -0.052688602 -0.757587671 -0.398327470 -0.222999066 0.181038558 0.057968717 0.956104636
3884.142235 -0.045487512 -0.757707000 -0.398526311 -0.222705647 0.190767720 0.063305341 0.953940392
3884.175573 -0.040373575 -0.757434368 -0.399427444 -0.222243562 0.197390750 0.066961326 0.952449977
3884.208887 -0.037787993 -0.756101072 -0.399553925 -0.223278567 0.200722605 0.069029495 0.951363266
3884.242236 -0.036212571 -0.754996777 -0.399052322 -0.224029332 0.201110914 0.069012471 0.951106012
3884.275573 -0.037407454 -0.754939735 -0.398322165 -0.223335922 0.198106766 0.067182742 0.952030063
3884.308902 -0.039302152 -0.756508231 -0.397352755 -0.223939896 0.190518320 0.063733965 0.953672767
3884.342237 -0.043744549 -0.756224513 -0.395440191 -0.225439534 0.178568393 0.059242915 0.955918729
3884.375571 -0.048322793 -0.754621685 -0.389840186 -0.228519380 0.162194639 0.055196323 0.958344996
3884.408906 -0.054685511 -0.752356052 -0.381484210 -0.234598503 0.143877581 0.051627386 0.959998667
3884.442239 -0.059110433 -0.748287320 -0.368652403 -0.242356002 0.122329928 0.049380448 0.961176634
3884.475574 -0.064520359 -0.739064276 -0.352759361 -0.253312975 0.101614483 0.044198088 0.961016953
3884.508904 -0.069542818 -0.726558149 -0.331696332 -0.267947793 0.082874954 0.034601562 0.959238529
3884.542238 -0.072433546 -0.704151154 -0.310337782 -0.292105734 0.063433290 0.020173548 0.954066813
3884.575569 -0.075445585 -0.676345050 -0.286099821 -0.324755669 0.046463318 0.001468184 0.944654882
3884.608906 -0.076202087 -0.643950462 -0.262171984 -0.344426870 0.040854800 -0.020772612 0.937693775
3884.642242 -0.074835248 -0.612341940 -0.238181874 -0.348359168 0.053897750 -0.035160583 0.935149550
3884.675569 -0.069938935 -0.577669561 -0.214617729 -0.340185493 0.091869444 -0.053270951 0.934342563
3884.708906 -0.063108474 -0.541107476 -0.194300741 -0.333078414 0.138432130 -0.075292379 0.929637790
3884.742237 -0.056101728 -0.502740681 -0.178897187 -0.337615669 0.178706378 -0.092240259 0.919549584
3884.775569 -0.052366495 -0.468003780 -0.169607192 -0.341792703 0.209792510 -0.119296692 0.908258319
3884.808823 -0.051793762 -0.434951961 -0.166678831 -0.341056943 0.228625730 -0.153521478 0.898800135
3884.842365 -0.054719184 -0.405895859 -0.164927870 -0.335403860 0.237361580 -0.191780552 0.891282201
3884.875334 -0.061551869 -0.378435314 -0.168741092 -0.332801998 0.235249624 -0.222410440 0.885682821
3884.908782 -0.071267098 -0.353965044 -0.176874042 -0.336668909 0.220239863 -0.245363995 0.882011890
3884.942236 -0.083336875 -0.331827402 -0.185904115 -0.339395821 0.196973547 -0.262475669 0.881543219
3884.975452 -0.094615459 -0.311419398 -0.194388241 -0.333441317 0.178846851 -0.283703744 0.881103277
3885.008902 -0.094471082 -0.287978768 -0.201350734 -0.319296151 0.176840574 -0.322410166 0.873400867
3885.042113 -0.088507287 -0.265614718 -0.202680901 -0.327768564 0.187876254 -0.339516133 0.861393690
3885.075450 -0.080735222 -0.245152578 -0.202258185 -0.344820201 0.195501715 -0.336946100 0.854017258
3885.108765 -0.074861027 -0.225650609 -0.200921148 -0.358857989 0.188428387 -0.324619383 0.854598045
3885.142118 -0.073159970 -0.208926752 -0.200616241 -0.365686923 0.159382612 -0.309204310 0.863286138
3885.175451 -0.073815472 -0.191111222 -0.199173033 -0.363175988 0.116735540 -0.300126284 0.874299884
3885.208786 -0.077638328 -0.176589951 -0.195778877 -0.349745780 0.062345363 -0.300877929 0.885021687
3885.242113 -0.082905516 -0.162662461 -0.190083638 -0.315693885 0.011677249 -0.297214746 0.901035190
3885.275451 -0.087239385 -0.156035662 -0.180589139 -0.265850633 -0.021892421 -0.274075300 0.923973441
3885.308783 -0.090320431 -0.150503442 -0.169564411 -0.215815619 -0.040202007 -0.237536967 0.946247101
3885.342100 -0.090634219 -0.147537857 -0.159766227 -0.171270713 -0.055101093 -0.193398744 0.964482844
3885.375450 -0.086725391 -0.143808767 -0.148809671 -0.131163254 -0.063221686 -0.140969679 0.979248106
3885.408766 -0.081974722 -0.141701728 -0.140009403 -0.093886122 -0.061995301 -0.087887950 0.989756405
3885.442116 -0.075459793 -0.138379261 -0.129667103 -0.058106303 -0.054793108 -0.042003751 0.995920241
3885.475434 -0.068009786 -0.133012474 -0.117955580 -0.032197267 -0.042720526 -0.003927996 0.998560429
3885.508787 -0.062187511 -0.126504317 -0.106867701 -0.016597576 -0.027321653 0.017249839 0.999340057
3885.542117 -0.057448458 -0.119682044 -0.096180156 0.005190069 -0.014278413 0.030138198 0.999430299
3885.575449 -0.053108860 -0.112618081 -0.085592277 0.023948506 0.001031611 0.039941911 0.998914421
3885.608780 -0.049060032 -0.103652395 -0.074514091 0.037797313 0.014558402 0.047320280 0.998058259
3885.642114 -0.044762187 -0.095634654 -0.065723389 0.053482551 0.023306081 0.058929540 0.996555984
3885.675449 -0.038976710 -0.087849975 -0.055813700 0.068290040 0.031930774 0.073156267 0.994467199
3885.708781 -0.034761783 -0.079260312 -0.047464736 0.076647863 0.041498262 0.082075581 0.992807448
3885.742117 -0.031691428 -0.068628341 -0.037565380 0.071943298 0.050119977 0.080208570 0.992914259
3885.775451 -0.029594580 -0.058867622 -0.029678013 0.056712810 0.056411106 0.071378499 0.994236708
3885.808784 -0.026934316 -0.049384333 -0.024147673 0.043365870 0.059671458 0.062947765 0.995287061
3885.842116 -0.024778070 -0.041638024 -0.019030452 0.035523266 0.059980277 0.053373139 0.996138453
3885.875451 -0.023608122 -0.035651032 -0.015563330 0.034182809 0.054732289 0.040101871 0.997109711
3885.908782 -0.024553940 -0.030087063 -0.010971589 0.032142069 0.051642194 0.029264553 0.997719228
3885.942114 -0.025370657 -0.024458556 -0.006672234 0.027414616 0.047353692 0.022581901 0.998246551
3885.975447 -0.026673786 -0.018787850 -0.001739474 0.016173499 0.041945577 0.020666787 0.998775244
3886.008784 -0.027026189 -0.012612184 0.003839099 0.000532566 0.036099959 0.020892296 0.999129653
3886.042113 -0.029373417 -0.007602170 0.007036975 -0.009150230 0.032538984 0.021990437 0.999186635
3886.075451 -0.032588758 -0.003953498 0.006962925 -0.006729872 0.029530561 0.018764809 0.999365091
3886.108767 -0.035354882 -0.001646987 0.009027193 -0.001046062 0.026866302 0.012762649 0.999557018
3886.142114 -0.038768169 -0.002724100 0.007096959 0.012654431 0.024445623 0.007623707 0.999592006
3886.175433 -0.039926779 -0.004665502 0.007914083 0.023378057 0.023531897 0.005809768 0.999432862
3886.208786 -0.040699873 -0.005102130 0.009943463 0.027077524 0.024101270 0.006370611 0.999322474
3886.242117 -0.040227782 -0.006416460 0.011189969 0.029368231 0.024377486 0.006714671 0.999248803
3886.275449 -0.040367786 -0.006723430 0.013135997 0.033311144 0.024872335 0.005597673 0.999119818
3886.308783 -0.040735457 -0.006399796 0.013643203 0.033729568 0.024959190 0.003392641 0.999113560
3886.342116 -0.040205583 -0.006015045 0.015849212 0.028189123 0.023504617 0.002922672 0.999321938
3886.375445 -0.039331220 -0.004906798 0.020052642 0.018467132 0.022378456 0.005272052 0.999565125
3886.408766 -0.038212314 -0.004509117 0.021795711 0.011078517 0.021951605 0.006305786 0.999677777
3886.442118 -0.036822785 -0.005602056 0.023363315 0.006589087 0.019945135 0.007703113 0.999749720
3886.475456 -0.036524091 -0.006021755 0.024553731 0.001411073 0.021440202 0.010547166 0.999713540
3886.508767 -0.036005355 -0.006315404 0.026612783 -0.001454970 0.026645187 0.008309367 0.999609351
3886.542116 -0.036832422 -0.004688202 0.027977582 -0.002231384 0.032187138 0.004281002 0.999470234
3886.575449 -0.036356069 -0.004887880 0.028247161 -0.001754155 0.035601296 0.006241856 0.999345064
3886.608784 -0.036207158 -0.005479480 0.027830526 -0.000442436 0.036786433 0.009305475 0.999279737
3886.642117 -0.036237068 -0.004902366 0.027850887 0.000962650 0.037340507 0.007985351 0.999270260
3886.675433 -0.036362302 -0.005016532 0.027934562 0.000469167 0.037441220 0.008058943 0.999266267
3886.708784 -0.036325350 -0.004864708 0.028564449 -0.000802192 0.036821600 0.009095060 0.999280155
3886.742116 -0.036461938 -0.004780064 0.028579095 -0.001126986 0.037877973 0.007936724 0.999250233
3886.775451 -0.036545541 -0.005069362 0.028034387 -0.000851665 0.037425872 0.008626698 0.999261796
3886.808784 -0.036223363 -0.004737461 0.028361468 -0.000972836 0.037614577 0.008048255 0.999259472
3886.842115 -0.036510386 -0.005161389 0.028242180 -0.000157473 0.037455413 0.008877360 0.999258876
3886.875452 -0.036503714 -0.005023590 0.028028466 0.000004201 0.037627950 0.008051974 0.999259412
3886.908783 -0.036408480 -0.004922022 0.028434630 -0.001314656 0.037654269 0.008555852 0.999253392
3886.942117 -0.036521301 -0.004825797 0.028335301 -0.001671613 0.037888154 0.008270391 0.999246359
3886.975453 -0.036312718 -0.005005101 0.028184511 -0.001055077 0.037663341 0.008372103 0.999254882
3887.008720 -0.036475863 -0.005153183 0.027834404 -0.001047412 0.037488792 0.008660853 0.999258995
3887.042054 -0.036448594 -0.005006726 0.028056771 -0.000713488 0.037733942 0.008140067 0.999254465
3887.075367 -0.036523826 -0.005106990 0.028094025 -0.000385291 0.037736502 0.008161889 0.999254346
3887.108719 -0.036313470 -0.005070677 0.028184388 -0.001132489 0.037668873 0.008361781 0.999254644
3887.142049 -0.036344450 -0.005006011 0.028567374 -0.001228885 0.037662715 0.008510705 0.999253511
3887.175382 -0.036463939 -0.004942933 0.028275583 -0.000846247 0.037756965 0.008250014 0.999252558
3887.208719 -0.036781568 -0.005036470 0.028246878 -0.000922445 0.037983146 0.008303007 0.999243438
3887.242052 -0.036309116 -0.005008969 0.028232140 -0.000890376 0.037664037 0.008647730 0.999252677
3887.275368 -0.036582910 -0.005314357 0.027936576 -0.000831699 0.037613008 0.008789569 0.999253392
3887.308719 -0.036180615 -0.004930797 0.028266171 -0.000924703 0.037575867 0.008595070 0.999256372
3887.342051 -0.036627073 -0.004909452 0.028433537 -0.001002237 0.037727825 0.008657746 0.999250054
3887.375383 -0.036294281 -0.005025631 0.027971875 -0.000826351 0.037540451 0.008408837 0.999259412
3887.408718 -0.036664411 -0.005304270 0.027873162 -0.000844556 0.037842598 0.008234327 0.999249458
3887.442051 -0.036581941 -0.005240979 0.028204311 -0.001124637 0.037718430 0.008801945 0.999249041
3887.475385 -0.036528427 -0.005065877 0.028220348 -0.000967212 0.037719198 0.008625518 0.999250710
3887.508703 -0.036602844 -0.005298706 0.028091116 -0.001033621 0.037813656 0.008570497 0.999247551
3887.542036 -0.036693029 -0.005064151 0.028059544 -0.001034799 0.037962869 0.008286981 0.999244273
3887.575385 -0.036360320 -0.005148891 0.028178109 -0.000915781 0.037824474 0.008293227 0.999249578
3887.608721 -0.036552411 -0.005103931 0.027976921 -0.000825464 0.037856642 0.008332733 0.999248147
3887.642053 -0.036264531 -0.004981024 0.028207075 -0.000996418 0.037567846 0.008484615 0.999257624
3887.675385 -0.036548007 -0.005345885 0.028211817 -0.001050130 0.037764858 0.008490361 0.999250054
3887.708717 -0.036458537 -0.005080963 0.028282478 -0.000484508 0.037974067 0.008096598 0.999245822
3887.742052 -0.036588605 -0.005004477 0.028277205 -0.000740490 0.037872538 0.008285507 0.999247968
3887.775386 -0.036292959 -0.004915990 0.028134488 -0.001051577 0.037583023 0.008571399 0.999256194
3887.808716 -0.036483694 -0.004997476 0.028084435 -0.001073238 0.037799679 0.008124647 0.999251723
3887.842051 -0.036342829 -0.005202285 0.027895976 -0.001196328 0.037709381 0.008446429 0.999252379
3887.875388 -0.036633089 -0.004956824 0.028205961 -0.000973838 0.037951302 0.008353835 0.999244213
3887.908720 -0.036371540 -0.004996907 0.028109645 -0.000698373 0.037946362 0.007919943 0.999248147
3887.942051 -0.036651470 -0.005056745 0.028333858 -0.000883874 0.037974246 0.008085747 0.999245644
3887.975385 -0.036589827 -0.004858510 0.028355984 -0.001100029 0.037879676 0.008398886 0.999246418
3888.008718 -0.036382858 -0.005053425 0.028340794 -0.000904266 0.037899323 0.008222842 0.999247313
3888.042052 -0.036244400 -0.004872961 0.028244089 -0.000572805 0.037709653 0.008064575 0.999256074
3888.075386 -0.036319308 -0.004998197 0.028149938 -0.000936681 0.037741743 0.008235903 0.999253154
3888.108702 -0.036592644 -0.005106001 0.028518364 -0.001003796 0.037971977 0.008213140 0.999244571
3888.142052 -0.036657911 -0.005148386 0.028200390 -0.000908131 0.037933987 0.008070105 0.999247253
3888.175386 -0.036687125 -0.005121186 0.028094469 -0.001037513 0.037744399 0.008247751 0.999252915
3888.208720 -0.036593642 -0.005082835 0.028156461 -0.001017971 0.037855290 0.008288052 0.999248385
3888.242052 -0.036619831 -0.005278681 0.028196679 -0.000872242 0.037946440 0.008343787 0.999244571
3888.275369 -0.036669243 -0.005203548 0.028068848 -0.001119548 0.037891325 0.008383180 0.999246061
3888.308721 -0.036412444 -0.005128151 0.027992964 -0.001028890 0.037793808 0.008288656 0.999250710
3888.342054 -0.036322929 -0.005008697 0.028285615 -0.000158136 0.037674420 0.008344571 0.999255240
3888.375368 -0.036633074 -0.005091675 0.028026223 -0.000948697 0.037801336 0.008214575 0.999251068
3888.408703 -0.036261462 -0.004980016 0.028410573 -0.001009149 0.037586726 0.008373845 0.999257803
3888.442035 -0.036371429 -0.005001292 0.028138332 -0.000816810 0.037793029 0.008221515 0.999251485
3888.475382 -0.036243390 -0.005071944 0.028367206 -0.000764204 0.037592057 0.008433242 0.999257326
3888.508719 -0.036500428 -0.005221637 0.028279787 -0.000873234 0.037796013 0.008677748 0.999247432
3888.542051 -0.036398876 -0.005495470 0.027997218 -0.000860510 0.037583135 0.008420553 0.999257684
3888.575390 -0.036840204 -0.005098030 0.028191462 -0.000783427 0.037925959 0.008275682 0.999246001
3888.608719 -0.036537535 -0.004971569 0.028257716 -0.001082107 0.037757251 0.008357170 0.999251425
3888.642052 -0.036317822 -0.005011588 0.028078049 -0.000669128 0.037753385 0.008260098 0.999252737
3888.675388 -0.036307734 -0.005256262 0.028060848 -0.000808049 0.037720453 0.008476710 0.999252081
3888.708726 -0.036452387 -0.005026168 0.028120523 -0.001004935 0.037716933 0.008562000 0.999251306
3888.742054 -0.036626741 -0.005226764 0.028008310 -0.000793289 0.037911315 0.008397652 0.999245524
3888.775386 -0.036655143 -0.005251996 0.028141543 -0.000518477 0.038041417 0.008389901 0.999240816
3888.808705 -0.036624685 -0.005126897 0.028373670 -0.001084000 0.037830453 0.008536228 0.999247134
3888.842054 -0.036663309 -0.005144191 0.028134819 -0.000979422 0.037906885 0.008358346 0.999245822
3888.875385 -0.036567193 -0.005263627 0.028069865 -0.000635364 0.037784316 0.008539658 0.999249279
3888.908702 -0.036325809 -0.004816824 0.028378408 -0.000815404 0.037674211 0.008309194 0.999255240
3888.942037 -0.036233630 -0.005253836 0.028036186 -0.000877320 0.037668169 0.008574110 0.999253154
3888.975387 -0.036271676 -0.005094182 0.027980313 -0.000419483 0.037433505 0.008377026 0.999263942
3889.008717 -0.036249720 -0.004868867 0.028412441 -0.000862098 0.037552852 0.008341342 0.999259472
3889.042051 -0.036526136 -0.005117462 0.028454017 -0.001098211 0.037761521 0.008627860 0.999248981
3889.075369 -0.036455676 -0.005272043 0.027978359 -0.000709233 0.037606530 0.008354023 0.999257505
3889.108720 -0.036677651 -0.005213889 0.027993962 -0.000776404 0.037779383 0.008424135 0.999250293
3889.142053 -0.036537919 -0.005320605 0.028065022 -0.001019481 0.037665114 0.008617328 0.999252796
3889.175385 -0.036374919 -0.005178090 0.028293701 -0.000537691 0.037872549 0.008157335 0.999249160
3889.208702 -0.036667880 -0.005214772 0.028199401 -0.000814635 0.037706751 0.008577546 0.999251723
3889.242052 -0.036673736 -0.005173260 0.028289361 -0.001097343 0.037734419 0.008403911 0.999251902
3889.275387 -0.036483634 -0.005232221 0.027873009 -0.000709684 0.037678551 0.008475398 0.999253750
3889.308719 -0.036431801 -0.005240664 0.028027989 -0.000558051 0.037475377 0.008567038 0.999260664
3889.342052 -0.036386006 -0.005077362 0.028455412 -0.000920782 0.037646826 0.008537607 0.999254227
3889.375386 -0.036332689 -0.005008222 0.028128764 -0.000629232 0.037699912 0.008276195 0.999254644
3889.408720 -0.036718961 -0.005159682 0.027893187 -0.000529344 0.037776653 0.008386761 0.999250889
3889.442053 -0.036306668 -0.004945142 0.028159965 -0.000970128 0.037487682 0.008481215 0.999260664
3889.475371 -0.036237806 -0.005243206 0.028442631 -0.000872898 0.037603114 0.008451003 0.999256670
3889.508719 -0.036270332 -0.005084799 0.028417043 -0.000415388 0.037686210 0.008205820 0.999255836
3889.542053 -0.036122922 -0.005004039 0.028210983 -0.000931762 0.037460469 0.008580891 0.999260843
3889.575388 -0.036186520 -0.005169822 0.028282538 -0.000694591 0.037617300 0.008266301 0.999257803
3889.608721 -0.036372468 -0.005221511 0.028013628 -0.000424201 0.037497755 0.008273610 0.999262393
3889.642036 -0.036396019 -0.004976405 0.028199499 -0.001083372 0.037639104 0.008333186 0.999256074
3889.675392 -0.036605135 -0.005146989 0.028340755 -0.001113645 0.037891969 0.008308848 0.999246657
3889.708720 -0.036425073 -0.004925879 0.028151302 -0.000331242 0.037654486 0.008007592 0.999258697
3889.742052 -0.036337756 -0.005267550 0.028309101 -0.000857009 0.037629761 0.008445976 0.999255717
3889.775386 -0.036468759 -0.005039970 0.028363947 -0.000893554 0.037831530 0.008283865 0.999249399
3889.808721 -0.036814116 -0.005025800 0.027936427 -0.000404244 0.037897024 0.008342465 0.999246776
3889.842054 -0.036307104 -0.005273648 0.028124854 -0.001058866 0.037755832 0.008186606 0.999252915
3889.875385 -0.036518160 -0.005128165 0.028244214 -0.001090271 0.037805770 0.008219541 0.999250770
3889.908721 -0.036199797 -0.005013682 0.028185528 -0.000409917 0.037505828 0.008217040 0.999262571
3889.942036 -0.036131773 -0.005185514 0.027826220 -0.000641606 0.037477612 0.008363250 0.999262273
3889.975387 -0.036239468 -0.005033546 0.028207835 -0.000908120 0.037510086 0.008328734 0.999261141
3890.008704 -0.036319721 -0.005039794 0.028256036 -0.000436702 0.037653439 0.008085785 0.999258101
3890.042036 -0.036318954 -0.005112888 0.027977297 -0.000574701 0.037603091 0.008160532 0.999259293
3890.075388 -0.036138393 -0.004915280 0.028493911 -0.000878486 0.037404459 0.008437689 0.999264240
3890.108721 -0.036429305 -0.005277764 0.028256679 -0.000858671 0.037722584 0.008517922 0.999251604
3890.142051 -0.036143310 -0.005025735 0.028307263 -0.000466893 0.037592955 0.008328035 0.999258339
3890.175384 -0.036469132 -0.005075047 0.028350817 -0.000840975 0.037684541 0.008556333 0.999252737
3890.208702 -0.036443021 -0.005145463 0.028151697 -0.000393661 0.037560709 0.008688047 0.999256551
3890.242054 -0.036232721 -0.004991428 0.028026676 -0.000261020 0.037352435 0.008733675 0.999263942
3890.275388 -0.036290925 -0.004910033 0.028401541 -0.001016538 0.037556861 0.008274398 0.999259710
3890.308722 -0.036401190 -0.005019489 0.027978197 -0.000835870 0.037443444 0.008341755 0.999263585
3890.342054 -0.036139067 -0.004954035 0.028296815 -0.000386867 0.037627976 0.008130110 0.999258697
3890.375386 -0.036205731 -0.005037556 0.028272536 -0.000919506 0.037627459 0.008383330 0.999256253
3890.408720 -0.036463685 -0.005045601 0.028015014 -0.000559313 0.037491985 0.008806246 0.999257982
3890.442053 -0.036157072 -0.004979674 0.028101807 -0.000339313 0.037428711 0.008232106 0.999265373
3890.475386 -0.036498379 -0.005019935 0.028286966 -0.000837312 0.037626233 0.008284384 0.999257207
3890.508721 -0.036524031 -0.005238211 0.028179940 -0.000944146 0.037581738 0.008454107 0.999257386
3890.542053 -0.036408149 -0.004977555 0.028161708 -0.000298583 0.037520152 0.008407200 0.999260485
3890.575385 -0.036275752 -0.004995668 0.028213466 -0.000755902 0.037559535 0.008480983 0.999258161
3890.608722 -0.036513105 -0.005157490 0.028040100 -0.000946734 0.037647557 0.008431822 0.999255061
3890.642053 -0.036239859 -0.005013583 0.027949652 -0.000098125 0.037551247 0.008569521 0.999257982
3890.675373 -0.036387470 -0.005160143 0.028157158 -0.000753161 0.037663981 0.008198334 0.999256551
3890.708720 -0.036494847 -0.005245632 0.027939307 -0.001000670 0.037746038 0.008320555 0.999252260
3890.742052 -0.036294315 -0.005128723 0.027931655 -0.000678186 0.037714448 0.008198455 0.999254704
3890.775387 -0.036056109 -0.004887353 0.027997317 -0.000518549 0.037598841 0.008248639 0.999258757
3890.808703 -0.036571264 -0.005299875 0.028416952 -0.000957477 0.037763305 0.008364521 0.999251306
3890.842053 -0.036244925 -0.005157796 0.028170038 -0.000314893 0.037533212 0.008452651 0.999259591
3890.875385 -0.036224391 -0.004908765 0.028225284 -0.000400645 0.037577320 0.008175079 0.999260247
3890.908721 -0.036198135 -0.004822977 0.028309779 -0.000869683 0.037511967 0.008208461 0.999262094
3890.942054 -0.036435276 -0.005056603 0.027958751 -0.000569143 0.037664823 0.008178092 0.999256790
3890.975388 -0.035975769 -0.004826675 0.028064445 -0.000374718 0.037592731 0.008240497 0.999259114
3891.008716 -0.036426470 -0.005028349 0.027870758 -0.000799762 0.037449922 0.008652014 0.999260724
3891.042053 -0.036232777 -0.004969320 0.028228015 -0.000370650 0.037573922 0.008387720 0.999258578
3891.075387 -0.036319770 -0.004948705 0.027792688 -0.000611455 0.037654158 0.008064554 0.999258161
3891.108703 -0.036379009 -0.005005771 0.028071972 -0.000985294 0.037756339 0.008433340 0.999250889
3891.142051 -0.036322549 -0.005029148 0.028373551 -0.000591957 0.037651576 0.008438489 0.999255121
3891.175388 -0.036065992 -0.004916364 0.028310886 -0.000346056 0.037570283 0.008337851 0.999259174
3891.208720 -0.036532808 -0.005114937 0.028288869 -0.000939140 0.037792701 0.008417361 0.999249756
3891.242052 -0.036330882 -0.005013030 0.028297538 -0.000345494 0.037766967 0.008511985 0.999250293
3891.275388 -0.036217790 -0.005147222 0.028215908 -0.000389986 0.037623297 0.008282979 0.999257624
3891.308720 -0.036232289 -0.005000027 0.028191315 -0.000845531 0.037470810 0.008396135 0.999262094
3891.342052 -0.036553547 -0.005253986 0.027991006 -0.000841179 0.037765142 0.008449627 0.999250591
3891.375387 -0.036473863 -0.005059096 0.028496761 -0.000278076 0.037612513 0.008411624 0.999256968
3891.408703 -0.036204480 -0.005209056 0.028143296 -0.000792640 0.037589327 0.008428485 0.999257445
3891.442053 -0.036141600 -0.005045866 0.028309645 -0.000505196 0.037567392 0.008482603 0.999257982
3891.475386 -0.036484491 -0.005071966 0.028244868 -0.000206060 0.037706669 0.008482458 0.999252856
3891.508719 -0.036376573 -0.004907913 0.028447205 -0.000713280 0.037643995 0.008439049 0.999255359
3891.542055 -0.036576264 -0.005460535 0.028221106 -0.001152855 0.037757095 0.008592547 0.999249339
3891.575388 -0.036132693 -0.005163929 0.027974758 -0.000379468 0.037302423 0.008336070 0.999269187
3891.608720 -0.036507022 -0.005185866 0.027721193 -0.000779190 0.037667289 0.008474843 0.999254107
3891.642052 -0.036376230 -0.005349568 0.027810378 -0.000757890 0.037534971 0.008509566 0.999258816
3891.675370 -0.036251627 -0.005153938 0.028342512 -0.000258882 0.037627816 0.008468386 0.999255955
3891.708718 -0.036211737 -0.005097081 0.028309356 -0.000668665 0.037555724 0.008390241 0.999259114
3891.742055 -0.036476683 -0.005144755 0.028166277 -0.000818407 0.037615664 0.008547692 0.999255419
3891.775384 -0.036141269 -0.005192265 0.028023746 -0.000427346 0.037425462 0.008666828 0.999261796
3891.808718 -0.036226518 -0.005198488 0.027996758 -0.000623961 0.037582450 0.008294901 0.999258935
3891.842057 -0.036475379 -0.005223641 0.027827408 -0.000921472 0.037622254 0.008446678 0.999255955
3891.875386 -0.036168080 -0.004986197 0.028030450 -0.000119333 0.037410069 0.008556905 0.999263346
3891.908727 -0.036398962 -0.005113871 0.027862685 -0.000643648 0.037623413 0.008215865 0.999258041
3891.942054 -0.036524367 -0.005121958 0.028402446 -0.000960972 0.037623584 0.008517994 0.999255240
3891.975389 -0.036032621 -0.005146924 0.028314723 -0.000591996 0.037548747 0.008143254 0.999261498
3892.008721 -0.036155056 -0.005140725 0.028011158 -0.000566512 0.037433088 0.008489491 0.999262929
3892.042055 -0.036337651 -0.005276800 0.027857484 -0.000855411 0.037553348 0.008783123 0.999255657
3892.075388 -0.036149424 -0.005241023 0.028571736 -0.000328609 0.037501562 0.008537620 0.999260068
3892.108721 -0.036333490 -0.005230461 0.028290110 -0.000785677 0.037826207 0.007941687 0.999252498
3892.142055 -0.036434110 -0.004959316 0.028235041 -0.000841021 0.037528921 0.008548832 0.999258637
3892.175387 -0.036280379 -0.005053836 0.028362574 -0.000316991 0.037644271 0.008387157 0.999255955
3892.208720 -0.036217570 -0.005212916 0.028284708 -0.000572929 0.037576254 0.008371485 0.999258578
3892.242053 -0.036458328 -0.005217641 0.028192880 -0.000749681 0.037504841 0.008711190 0.999258220
3892.275370 -0.036278691 -0.005053673 0.028185684 -0.000440709 0.037528727 0.008241870 0.999261498
3892.308705 -0.036457974 -0.005133040 0.028296730 -0.000531373 0.037699874 0.008299872 0.999254525
3892.342054 -0.036309626 -0.005023660 0.028096160 -0.000882438 0.037560791 0.008385765 0.999258757
3892.375386 -0.036418609 -0.005149608 0.028463518 -0.000618344 0.037795149 0.008180592 0.999251842
3892.408721 -0.036576372 -0.005172813 0.028204015 -0.000582957 0.037742905 0.008345758 0.999252498
3892.442050 -0.036453150 -0.005345937 0.027919132 -0.001001569 0.037681933 0.008654247 0.999251842
3892.475387 -0.036529716 -0.005293097 0.027962035 -0.000598120 0.037645295 0.008639401 0.999253690
3892.508716 -0.036206428 -0.005116151 0.028352767 -0.000564765 0.037699755 0.008226445 0.999255121
3892.542037 -0.036525685 -0.005135373 0.027844768 -0.000977323 0.037705492 0.008224212 0.999254584
3892.575387 -0.036489945 -0.005269417 0.027812414 -0.000850743 0.037644986 0.008378559 0.999255717
3892.608719 -0.036230423 -0.005389804 0.027902285 -0.000616622 0.037425969 0.008622468 0.999262035
3892.642054 -0.036461651 -0.005359249 0.027707620 -0.000780192 0.037539650 0.008602546 0.999257803
3892.675387 -0.036597405 -0.005188684 0.027950207 -0.000793010 0.037821274 0.008483095 0.999248207
3892.708722 -0.036259227 -0.005293949 0.028187484 -0.000660479 0.037689220 0.008369196 0.999254286
3892.742060 -0.036129538 -0.005166818 0.027877767 -0.000759491 0.037525292 0.008504817 0.999259233
3892.775386 -0.036539812 -0.005126212 0.028133586 -0.000545847 0.037712216 0.008386566 0.999253333
3892.808721 -0.036547486 -0.005278054 0.028029019 -0.000563375 0.037755534 0.008308152 0.999252319
3892.842054 -0.036176041 -0.005128053 0.028123938 -0.000838631 0.037563425 0.008473609 0.999257982
3892.875396 -0.036415260 -0.005208350 0.028352475 -0.000686349 0.037663110 0.008405169 0.999254942
3892.908703 -0.036378577 -0.005131094 0.028049018 -0.000635856 0.037600860 0.008289084 0.999258280
3892.942053 -0.036385704 -0.005105108 0.028180711 -0.000660939 0.037781686 0.008318882 0.999251187
3892.975388 -0.036656003 -0.005053276 0.028165856 -0.000526142 0.037736226 0.008441860 0.999251962
3893.008722 -0.036202583 -0.005001709 0.028228795 -0.000623233 0.037648946 0.008441692 0.999255180
3893.042038 -0.036584381 -0.005242579 0.028003288 -0.000773020 0.037731912 0.008426833 0.999252081
3893.075371 -0.036512580 -0.005154269 0.027958475 -0.000606904 0.037661027 0.008288742 0.999256015
3893.108721 -0.036270853 -0.005141559 0.028013261 -0.000640213 0.037549533 0.008525420 0.999258220
3893.142053 -0.036374409 -0.004973457 0.028317284 -0.000325035 0.037612371 0.008312179 0.999257803
3893.175387 -0.036166120 -0.005007477 0.028122099 -0.000486089 0.037549701 0.008231279 0.999260724
3893.208719 -0.036184598 -0.005115832 0.027982857 -0.000382410 0.037336539 0.008286162 0.999268353
3893.242052 -0.036429986 -0.005297827 0.028247526 -0.000490297 0.037526425 0.008711042 0.999257565
3893.275384 -0.036121506 -0.005066653 0.028282071 -0.000481599 0.037412491 0.008559636 0.999263167
3893.308704 -0.036378354 -0.005213642 0.027975753 -0.000587454 0.037436564 0.008630856 0.999261558
3893.342037 -0.036111891 -0.005061100 0.028169014 -0.000345391 0.037388869 0.008491962 0.999264657
3893.375388 -0.036306236 -0.005070116 0.027899444 -0.000549927 0.037391905 0.008362243 0.999265552
3893.408724 -0.036395982 -0.005183214 0.028069787 -0.000413277 0.037488095 0.008388641 0.999261796
3893.442056 -0.036254521 -0.004974441 0.028240273 -0.000358430 0.037432093 0.008542554 0.999262631
3893.475387 -0.036356606 -0.005182408 0.028201673 -0.000564449 0.037388254 0.008721943 0.999262571
3893.508704 -0.036461383 -0.005246143 0.028071225 -0.000402015 0.037519466 0.008611192 0.999258757
3893.542056 -0.036385238 -0.005064541 0.028040143 -0.000456985 0.037471808 0.008398504 0.999262333
3893.575391 -0.036577530 -0.005181759 0.027853206 -0.000744028 0.037638865 0.008604026 0.999254107
3893.608721 -0.036560133 -0.004965331 0.028126549 -0.000181097 0.037597343 0.008353218 0.999258041
3893.642054 -0.036447812 -0.004987903 0.027698608 -0.000535836 0.037465241 0.008791124 0.999259174
3893.675389 -0.036123775 -0.004828306 0.028091127 -0.000536686 0.037461229 0.008762579 0.999259531
3893.708704 -0.036330603 -0.005176828 0.028158318 -0.000255704 0.037568893 0.008733947 0.999255836
3893.742054 -0.036384124 -0.005122642 0.027934620 -0.000461848 0.037474275 0.008706926 0.999259591
3893.775372 -0.036517199 -0.005031411 0.028318638 -0.000663040 0.037685543 0.008426228 0.999253929
3893.808723 -0.036225490 -0.004984410 0.028278109 -0.000281652 0.037625328 0.008517583 0.999255598
3893.842053 -0.036722794 -0.005238831 0.028054625 -0.000580967 0.037725836 0.008688658 0.999250233
3893.875391 -0.036616743 -0.005163060 0.028262680 -0.000838597 0.037861202 0.008536135 0.999246180
3893.908719 -0.036459077 -0.005063434 0.028116044 -0.000669735 0.037807710 0.008254617 0.999250710
3893.942055 -0.036239393 -0.005196563 0.028206728 -0.000611274 0.037627634 0.008433142 0.999256074
3893.975387 -0.036520105 -0.005004984 0.028281279 -0.000474672 0.037786998 0.008369851 0.999250710
3894.008717 -0.036129028 -0.005206884 0.028094646 -0.000465527 0.037466686 0.008448057 0.999262094
3894.042056 -0.036401674 -0.004998252 0.028052192 -0.000701291 0.037620153 0.008309979 0.999257326
3894.075385 -0.036281221 -0.005112329 0.028059563 -0.000488229 0.037520468 0.008505865 0.999259531
3894.108724 -0.036293097 -0.005054251 0.028086070 -0.000439920 0.037565041 0.008322722 0.999259472
3894.142053 -0.036107205 -0.005054791 0.027741279 -0.000761388 0.037493050 0.008565267 0.999259889
3894.175386 -0.036229592 -0.005097883 0.027950743 -0.000633357 0.037519127 0.008340538 0.999260902
3894.208721 -0.036337283 -0.005058142 0.028335229 -0.000484373 0.037739087 0.008369757 0.999252498
3894.242056 -0.036285914 -0.005142183 0.027987212 -0.000699283 0.037674587 0.008415671 0.999254405
3894.275387 -0.036467839 -0.004991333 0.027917057 -0.000494122 0.037584908 0.008554533 0.999256730
3894.308721 -0.036519125 -0.005191677 0.027787093 -0.000331933 0.037575386 0.008620100 0.999256611
3894.342052 -0.035993893 -0.005123575 0.027933665 -0.000586615 0.037324142 0.008521697 0.999266744
3894.375390 -0.036413915 -0.005153376 0.028051883 -0.000526116 0.037595987 0.008657773 0.999255419
3894.408720 -0.036391795 -0.005254730 0.028161051 -0.000540271 0.037533913 0.008582594 0.999258339
3894.442037 -0.036167480 -0.005047061 0.028087046 -0.000475228 0.037538629 0.008659230 0.999257565
3894.475395 -0.036285236 -0.005224105 0.027876986 -0.000632552 0.037401479 0.008817075 0.999261260
3894.508719 -0.036159046 -0.005180882 0.028044982 -0.000741413 0.037484791 0.008372718 0.999261856
3894.542054 -0.036329459 -0.005303144 0.028204784 -0.000529320 0.037554491 0.008694472 0.999256611
3894.575370 -0.036269154 -0.005162381 0.028179413 -0.000512649 0.037720554 0.008573257 0.999251425
3894.608723 -0.036239788 -0.005046078 0.028347626 -0.000655065 0.037580587 0.008371199 0.999258339
3894.642053 -0.036441118 -0.005308519 0.028030140 -0.000579534 0.037587088 0.008430667 0.999257624
3894.675389 -0.036293417 -0.005293231 0.028191987 -0.000565372 0.037581325 0.008719707 0.999255419
3894.708717 -0.036468282 -0.005372260 0.027998863 -0.000798587 0.037723437 0.008583655 0.999251068
3894.742052 -0.036489077 -0.005234650 0.028025080 -0.000703499 0.037763063 0.008434496 0.999250889
3894.775385 -0.036289968 -0.004937743 0.028245524 -0.000283817 0.037674651 0.008124660 0.999257028
3894.808704 -0.036465392 -0.005213043 0.028122144 -0.000694856 0.037686780 0.008474985 0.999253452
3894.842057 -0.036511060 -0.005227062 0.028028144 -0.000863583 0.037612490 0.008642929 0.999254644
3894.875389 -0.036207423 -0.005151830 0.028201325 -0.000469668 0.037613321 0.008340069 0.999257445
3894.908723 -0.036107741 -0.005174723 0.028007984 -0.000351406 0.037396081 0.008566136 0.999263763
3894.942054 -0.036485136 -0.005231627 0.027890628 -0.000538854 0.037694752 0.008322171 0.999254525
3894.975388 -0.036436498 -0.005278549 0.027931603 -0.000647416 0.037625518 0.008475092 0.999255776
3895.008705 -0.036498420 -0.005216823 0.028110275 -0.000672067 0.037688099 0.008456792 0.999253571
3895.042053 -0.036757179 -0.005407357 0.028006913 -0.000708320 0.037690856 0.008809459 0.999250412
3895.075386 -0.036445469 -0.005142590 0.028189348 -0.000656148 0.037739120 0.008065520 0.999254882
3895.108706 -0.036419027 -0.005236713 0.028054390 -0.000526118 0.037593417 0.008337672 0.999258220
3895.142053 -0.036266964 -0.005101652 0.028226860 -0.000544105 0.037513014 0.008392137 0.999260783
3895.175390 -0.036559936 -0.005352810 0.027862577 -0.000728873 0.037726220 0.008636295 0.999250591
3895.208723 -0.036415353 -0.005218372 0.028206371 -0.000737164 0.037631232 0.008264706 0.999257267
3895.242054 -0.036120299 -0.005081617 0.028044470 -0.000399908 0.037490007 0.008258349 0.999262810
3895.275389 -0.036524449 -0.005033628 0.028238218 -0.000495277 0.037884060 0.008331724 0.999247313
3895.308725 -0.036747385 -0.005375704 0.028021265 -0.000876807 0.037919726 0.008157801 0.999247134
3895.342057 -0.036252253 -0.005189332 0.028452184 -0.000592492 0.037612941 0.008128393 0.999259174
3895.375389 -0.036309812 -0.005077469 0.028103681 -0.000492370 0.037454098 0.008282115 0.999263942
3895.408721 -0.036590166 -0.005305032 0.028247260 -0.000655016 0.037699156 0.008466105 0.999253094
3895.442037 -0.036519624 -0.005268890 0.027762357 -0.000633532 0.037730791 0.008479998 0.999251783
3895.475390 -0.036430001 -0.005334067 0.028205412 -0.000682382 0.037685543 0.008538575 0.999252975
3895.508718 -0.036423519 -0.005087277 0.028136076 -0.000718743 0.037742980 0.008134729 0.999254107
3895.542052 -0.036775712 -0.005231765 0.028304294 -0.000755441 0.037817489 0.008443052 0.999248743
3895.575389 -0.036454670 -0.005333073 0.028343396 -0.000591998 0.037760645 0.008412201 0.999251246
3895.608721 -0.036467522 -0.005230761 0.027899437 -0.000713673 0.037660107 0.008409940 0.999255002
3895.642055 -0.036528476 -0.005342905 0.028147450 -0.000643941 0.037587158 0.008699665 0.999255300
3895.675393 -0.036537126 -0.005199851 0.027932629 -0.000613068 0.037566800 0.008254847 0.999259830
3895.708720 -0.036464270 -0.005195524 0.028302746 -0.000460757 0.037460361 0.008440795 0.999262393
3895.742057 -0.036489990 -0.005148754 0.028274352 -0.000567603 0.037528522 0.008401229 0.999260068
3895.775372 -0.036490425 -0.005073825 0.028219877 -0.000350465 0.037465964 0.008691340 0.999260068
3895.808723 -0.036459375 -0.005194800 0.027929028 -0.000667833 0.037512235 0.008774554 0.999257445
3895.842053 -0.036510192 -0.005171566 0.028033335 -0.000665136 0.037599884 0.008402288 0.999257326
3895.875391 -0.036289170 -0.005067029 0.028289031 -0.000561365 0.037713233 0.008327557 0.999253750
3895.908722 -0.036468577 -0.005085169 0.028193684 -0.000438689 0.037662391 0.008461060 0.999254644
3895.942052 -0.036466155 -0.005203915 0.027996268 -0.000770671 0.037604786 0.008476645 0.999256492
3895.975391 -0.036542300 -0.005197965 0.028265780 -0.000660477 0.037686657 0.008312554 0.999254823
3896.008722 -0.036611501 -0.005209625 0.028134026 -0.000614190 0.037647858 0.008282606 0.999256611
3896.042055 -0.036268223 -0.004979270 0.028056348 -0.000395054 0.037595641 0.008300346 0.999258518
3896.075392 -0.036152743 -0.005047100 0.028122427 -0.000360025 0.037386131 0.008495601 0.999264717
3896.108705 -0.036311381 -0.005188744 0.028072037 -0.000643076 0.037531585 0.008353148 0.999260306
3896.142054 -0.036487188 -0.004942455 0.028250927 -0.000549872 0.037571423 0.008377647 0.999258697
3896.175388 -0.036640693 -0.005114275 0.027991354 -0.000392893 0.037619535 0.008249311 0.999258041
3896.208723 -0.036253318 -0.005134007 0.028374294 -0.000509577 0.037534297 0.008360321 0.999260247
3896.242056 -0.036564741 -0.005258089 0.028294675 -0.000588009 0.037782602 0.008442667 0.999250174
3896.275386 -0.036737468 -0.005066717 0.027871167 -0.000464452 0.037861533 0.008314360 0.999248326
3896.308720 -0.036850199 -0.005072935 0.028197074 -0.000644347 0.037927639 0.008091323 0.999247551
3896.342053 -0.036543570 -0.005233721 0.027895615 -0.000802184 0.037698541 0.008538835 0.999252379
3896.375388 -0.036440693 -0.005150527 0.028074250 -0.000390235 0.037615862 0.008684469 0.999254465
3896.408724 -0.036454856 -0.005155101 0.028296934 -0.000608525 0.037795682 0.008268137 0.999251127
3896.442056 -0.036504027 -0.005188230 0.028322222 -0.000456587 0.037694965 0.008603462 0.999252200
3896.475388 -0.036139432 -0.005129716 0.028116200 -0.000472470 0.037565224 0.008417659 0.999258637
3896.508722 -0.036315616 -0.005265306 0.028087517 -0.000559698 0.037601132 0.008257507 0.999258578
3896.542054 -0.036560182 -0.005147847 0.028093167 -0.000495397 0.037842236 0.008429562 0.999248087
3896.575389 -0.036207378 -0.004967803 0.028350871 -0.000264580 0.037485480 0.008369913 0.999262094
3896.608721 -0.036190137 -0.005123221 0.028037440 -0.000448235 0.037550338 0.008305983 0.999260128
3896.642053 -0.036588281 -0.005312107 0.028198302 -0.000768712 0.037772946 0.008412832 0.999250650
3896.675388 -0.036277514 -0.005069452 0.028198546 -0.000601612 0.037671860 0.008456493 0.999254227
3896.708722 -0.036530610 -0.004956013 0.028094370 -0.000263845 0.037593365 0.008560098 0.999256432
3896.742054 -0.036509823 -0.005216596 0.027943706 -0.000550118 0.037521947 0.008640233 0.999258280
3896.775389 -0.036414981 -0.005066563 0.028054349 -0.000330907 0.037627839 0.008695524 0.999253988
3896.808723 -0.036258008 -0.005035776 0.028117856 -0.000346423 0.037581246 0.008375700 0.999258459
3896.842056 -0.036598623 -0.005253511 0.028051194 -0.000915836 0.037636038 0.008576767 0.999254346
3896.875392 -0.036484554 -0.005138464 0.027911993 -0.000667500 0.037637252 0.008424614 0.999255776
3896.908722 -0.036556248 -0.005011506 0.027988391 -0.000204557 0.037655864 0.008599835 0.999253809
3896.942056 -0.036311086 -0.005250216 0.027966872 -0.000787079 0.037444044 0.008611862 0.999261320
3896.975391 -0.036444962 -0.005194512 0.028093349 -0.000437015 0.037565235 0.008557186 0.999257445
3897.008724 -0.036626704 -0.005145611 0.027837398 -0.000171150 0.037666991 0.008467571 0.999254465
3897.042056 -0.036466479 -0.005050585 0.028103774 -0.000674578 0.037485700 0.008744240 0.999258697
3897.075388 -0.036569413 -0.005185066 0.028001975 -0.000682712 0.037809499 0.008596551 0.999247789
3897.108718 -0.036490019 -0.005058718 0.027794821 -0.000324318 0.037794914 0.008386092 0.999250293
3897.142053 -0.036392864 -0.005150830 0.028185043 -0.000683023 0.037423823 0.008759525 0.999260902
3897.175389 -0.036176458 -0.004819133 0.028193181 -0.000195845 0.037553784 0.008521020 0.999258280
3897.208725 -0.036207795 -0.004816359 0.027895153 0.000049667 0.037561666 0.008257123 0.999260187
3897.242056 -0.036371186 -0.004803377 0.028368300 -0.000475365 0.037457369 0.008365164 0.999263108
3897.275391 -0.036161061 -0.005028399 0.028122192 -0.000697944 0.037456602 0.008336935 0.999263287
3897.308722 -0.036402073 -0.004879443 0.027874134 -0.000058521 0.037676286 0.008447420 0.999254346
3897.342055 -0.036373686 -0.005208971 0.027839517 -0.000686943 0.037536263 0.008740966 0.999256790
3897.375372 -0.036367901 -0.004943107 0.027991280 -0.000636178 0.037708774 0.008304330 0.999254107
3897.408705 -0.036047578 -0.004985209 0.028090574 -0.000020593 0.037423927 0.008457545 0.999263704
3897.442055 -0.036302079 -0.005089392 0.027998971 -0.000397551 0.037471995 0.008530168 0.999261200
3897.475390 -0.036302969 -0.005056899 0.028185183 -0.000736787 0.037586242 0.008484895 0.999257088
3897.508721 -0.036361963 -0.005038257 0.028139299 -0.000364605 0.037603244 0.008323624 0.999258041
3897.542054 -0.036526464 -0.005146584 0.028107066 -0.000559467 0.037707865 0.008577020 0.999251902
3897.575391 -0.036572564 -0.005107316 0.027849842 -0.000754132 0.037722304 0.008536283 0.999251544
3897.608708 -0.036660768 -0.004993904 0.028041909 -0.000135246 0.037880510 0.008486914 0.999246240
3897.642056 -0.036435768 -0.005150228 0.028186558 -0.000282126 0.037644684 0.008803632 0.999252379
3897.675392 -0.036774453 -0.005129258 0.028381025 -0.000813575 0.037831917 0.008653404 0.999246359
3897.708705 -0.036484931 -0.005145488 0.028024700 -0.000513800 0.037686277 0.008992723 0.999249041
3897.742055 -0.036488414 -0.005063020 0.027975811 -0.000313312 0.037682023 0.008678550 0.999252081
3897.775387 -0.036151491 -0.005040245 0.028197516 -0.000463536 0.037532520 0.008647844 0.999257922
3897.808720 -0.036602084 -0.005176368 0.028155677 -0.000405088 0.037765823 0.008720937 0.999248505
3897.842039 -0.036396187 -0.005231705 0.027985496 -0.000352751 0.037616957 0.008823576 0.999253273
3897.875372 -0.036584854 -0.005084379 0.028011397 -0.000719430 0.037537057 0.008659878 0.999257445
3897.908705 -0.036497690 -0.005252601 0.027957281 -0.000760150 0.037557937 0.008578278 0.999257386
3897.942053 -0.036601052 -0.005241327 0.027886705 -0.000406469 0.037775118 0.008361856 0.999251246
3897.975389 -0.036715206 -0.005197676 0.028240312 -0.000678759 0.037931520 0.008494539 0.999244034
3898.008724 -0.036683969 -0.005302168 0.027969856 -0.000789538 0.037758339 0.008739755 0.999248385
3898.042052 -0.036443993 -0.004934588 0.027923472 -0.000191740 0.037590556 0.008295706 0.999258816
3898.075391 -0.036627486 -0.005078627 0.027912220 -0.000548602 0.037747595 0.008241510 0.999253154
3898.108723 -0.036223423 -0.005156581 0.027964640 -0.000909781 0.037542794 0.008263824 0.999260426
3898.142060 -0.036326710 -0.005141230 0.027976133 -0.000405989 0.037742302 0.008409277 0.999252081
3898.175391 -0.036343250 -0.005004025 0.028116181 -0.000536217 0.037757363 0.008016328 0.999254644
3898.208722 -0.036480583 -0.005237625 0.027740339 -0.000840171 0.037732080 0.008448088 0.999251842
3898.242039 -0.036328822 -0.005021159 0.028027000 -0.000262742 0.037742022 0.008213182 0.999253750
3898.275388 -0.036431383 -0.005035586 0.028139198 -0.000245619 0.037578154 0.008232341 0.999259770
3898.308705 -0.036575902 -0.005054219 0.027827216 -0.000806228 0.037730481 0.008553885 0.999251068
3898.342039 -0.036396299 -0.005135314 0.028109126 -0.000620301 0.037660584 0.008566737 0.999253690
3898.375390 -0.036207821 -0.004988016 0.028135169 -0.000182332 0.037488673 0.008302716 0.999262571
3898.408725 -0.036035940 -0.005187606 0.028232295 -0.000621250 0.037363168 0.008405100 0.999266207
3898.442040 -0.036391605 -0.005032131 0.028272724 -0.000295120 0.037591349 0.008492400 0.999257088
3898.475387 -0.036575399 -0.005127410 0.027982948 -0.000202620 0.037636988 0.008301652 0.999256968
3898.508724 -0.036476091 -0.005199795 0.028026827 -0.000694684 0.037594352 0.008614509 0.999255717
3898.542054 -0.036355995 -0.005067190 0.027937017 -0.000632907 0.037635349 0.008239272 0.999257386
3898.575390 -0.036411282 -0.004988520 0.028160909 -0.000123647 0.037678722 0.008257773 0.999255836
3898.608719 -0.036423866 -0.005059294 0.028149463 -0.000508958 0.037518930 0.008541146 0.999259293
3898.642056 -0.036683939 -0.005170763 0.028223006 -0.000607008 0.037679281 0.008593772 0.999252796
3898.675390 -0.036796562 -0.005146588 0.027722139 -0.000328510 0.037915342 0.008234174 0.999247015
3898.708723 -0.036312874 -0.005017456 0.028071970 -0.000400931 0.037497438 0.008236820 0.999262691
3898.742040 -0.036381416 -0.005118384 0.028040892 -0.000834277 0.037408058 0.008664119 0.999262214
3898.775391 -0.036546435 -0.005039763 0.028184064 -0.000264123 0.037604820 0.008500580 0.999256551
3898.808723 -0.036352739 -0.004858332 0.028160200 -0.000149350 0.037492573 0.008054276 0.999264419
3898.842056 -0.036665574 -0.005333726 0.028192652 -0.000737199 0.037607338 0.008590579 0.999255419
3898.875275 -0.036539670 -0.005115127 0.027989587 -0.000061026 0.037599407 0.008409354 0.999257505
3898.908608 -0.036271226 -0.004955336 0.027888328 -0.000238344 0.037480950 0.008573900 0.999260545
3898.941926 -0.036067002 -0.005022116 0.028115284 -0.000887990 0.037403386 0.008428315 0.999264300
3898.975275 -0.036289066 -0.005131304 0.028138869 -0.000425241 0.037495892 0.008406532 0.999261320
3899.008608 -0.036119509 -0.005155080 0.028123997 -0.000300558 0.037276905 0.008477827 0.999269009
3899.041942 -0.036446977 -0.004975999 0.028220711 -0.000619567 0.037447609 0.008508569 0.999262214
3899.075276 -0.036363255 -0.005053416 0.027912619 -0.000447066 0.037335671 0.008428564 0.999267161
3899.108607 -0.036492568 -0.004979484 0.027921394 -0.000064631 0.037586357 0.008323496 0.999258757
3899.141943 -0.036170285 -0.005158212 0.027847374 -0.000971234 0.037495408 0.008358446 0.999261379
3899.175272 -0.036255717 -0.004898503 0.028068857 -0.000578772 0.037666690 0.008148820 0.999256968
3899.208609 -0.036333561 -0.004895004 0.027890844 -0.000077542 0.037425261 0.008338232 0.999264657
3899.241943 -0.036550723 -0.005244241 0.027838632 -0.000754799 0.037441593 0.008584954 0.999261677
3899.275259 -0.036451779 -0.005294231 0.027876427 -0.000744759 0.037635028 0.008496696 0.999255180
3899.308608 -0.036310378 -0.004930744 0.028023105 -0.000006977 0.037592325 0.008457378 0.999257386
3899.341924 -0.035939209 -0.004784362 0.028006952 -0.000357324 0.037392944 0.008156603 0.999267340
3899.375277 -0.036512725 -0.005205148 0.027864272 -0.000884916 0.037617985 0.008425579 0.999256313
3899.408608 -0.036264468 -0.004958006 0.028287489 -0.000145181 0.037620310 0.008277557 0.999257803
3899.441942 -0.036226761 -0.005041206 0.028369600 -0.000449509 0.037593909 0.008264938 0.999258876
3899.475276 -0.036417674 -0.005200727 0.027928431 -0.000843152 0.037561774 0.008543158 0.999257445
3899.508591 -0.036623355 -0.005031613 0.027792860 -0.000208176 0.037588231 0.008573968 0.999256551
3899.541941 -0.036258176 -0.004950495 0.028188787 -0.000286795 0.037624124 0.008524597 0.999255598
3899.575258 -0.036260512 -0.005108783 0.028429560 -0.000861510 0.037503332 0.008506448 0.999259949
3899.608605 -0.036115728 -0.004926638 0.028037244 -0.000313583 0.037454147 0.008299767 0.999263883
3899.641941 -0.036104154 -0.005076583 0.028142102 -0.000439446 0.037543625 0.008313918 0.999260306
3899.675273 -0.036291204 -0.005049556 0.028209770 -0.000727703 0.037531931 0.008709756 0.999257207
3899.708606 -0.036301423 -0.004916536 0.028073167 -0.000303009 0.037510842 0.008710342 0.999258220
3899.741939 -0.036368974 -0.004853537 0.028059991 -0.000098053 0.037700009 0.008391938 0.999253869
3899.775276 -0.036282174 -0.004979195 0.027675340 -0.000844905 0.037488695 0.008656466 0.999259233
3899.808591 -0.036398124 -0.005109072 0.028020486 -0.000705411 0.037753623 0.008523039 0.999250531
3899.841941 -0.036578719 -0.005031403 0.027992843 -0.000325399 0.037758630 0.008630740 0.999249578
3899.875275 -0.036407527 -0.005024238 0.028302876 -0.000654523 0.037807345 0.008188478 0.999251306
3899.908614 -0.036355913 -0.004978170 0.027722979 -0.000228903 0.037423037 0.008974516 0.999259233
3899.941941 -0.036304429 -0.004798810 0.027952209 0.000078156 0.037544675 0.008515002 0.999258697
3899.975285 -0.036119502 -0.004990461 0.027968375 -0.000665670 0.037488323 0.008568493 0.999260128
3900.008616 -0.036213242 -0.005014283 0.028031981 -0.000776675 0.037339699 0.008569821 0.999265611
3900.041943 -0.036198135 -0.004837835 0.027959123 -0.000084444 0.037504163 0.008346823 0.999261618
3900.075275 -0.036326729 -0.004942359 0.028078627 -0.000360948 0.037544899 0.008305559 0.999260366
3900.108610 -0.036529750 -0.005053138 0.028117107 -0.000675838 0.037799768 0.008636813 0.999247789
3900.141942 -0.036464758 -0.004996186 0.028185440 -0.000146292 0.037769675 0.008411764 0.999251068
3900.175275 -0.036219992 -0.004997414 0.028099077 -0.000459139 0.037596881 0.008098209 0.999260068
3900.208609 -0.036139883 -0.005023314 0.028408861 -0.000762167 0.037486453 0.008313404 0.999262273
3900.241941 -0.036493685 -0.005057686 0.028272267 -0.000245675 0.037775934 0.008236394 0.999252319
3900.275277 -0.036443628 -0.005198750 0.028092192 -0.000447003 0.037592158 0.008370407 0.999258041
3900.308607 -0.036494877 -0.004928784 0.027904518 -0.000786338 0.037761144 0.008257858 0.999252379
3900.341943 -0.036360249 -0.004906143 0.028221877 -0.000217033 0.037800301 0.008210463 0.999251604
3900.375275 -0.036431246 -0.005019358 0.028191503 -0.000301123 0.037849870 0.008054468 0.999250948
3900.408609 -0.036531504 -0.005167127 0.027850293 -0.000949835 0.037704967 0.008430081 0.999252915
3900.441940 -0.036268301 -0.005319691 0.028108435 -0.000702369 0.037581969 0.008402619 0.999257982
3900.475276 -0.036253572 -0.005128978 0.028068770 -0.000463426 0.037595678 0.008239562 0.999258935
3900.508609 -0.036092363 -0.005288604 0.027935550 -0.000890866 0.037457537 0.008428499 0.999262273
3900.541939 -0.036487874 -0.005179130 0.028046660 -0.000462544 0.037633073 0.008744063 0.999253273
3900.575277 -0.036360648 -0.004961896 0.028038463 -0.000172237 0.037648655 0.008460451 0.999255240
3900.608610 -0.036219854 -0.005158478 0.028186588 -0.000856872 0.037449948 0.008476631 0.999262214
3900.641941 -0.036552008 -0.005128659 0.028293533 -0.000825344 0.037756652 0.008369981 0.999251604
3900.675259 -0.036514528 -0.004905524 0.027880015 -0.000070694 0.037694592 0.008540426 0.999252856
3900.708591 -0.036169752 -0.005287661 0.027880970 -0.000821817 0.037661001 0.008412519 0.999254823
3900.741926 -0.036274504 -0.005165660 0.028138662 -0.000868758 0.037638471 0.008411794 0.999255657
3900.775276 -0.036027584 -0.004897756 0.027876724 -0.000124314 0.037381608 0.008591033 0.999264121
3900.808609 -0.036225531 -0.005226511 0.027963260 -0.000589471 0.037526648 0.008580287 0.999258637
3900.841942 -0.036279567 -0.005083187 0.028369762 -0.000702547 0.037513573 0.008272127 0.999261677
3900.875279 -0.036299393 -0.004903087 0.028144594 -0.000161032 0.037498366 0.008428984 0.999261141
3900.908591 -0.036304254 -0.004960567 0.027902778 -0.000424440 0.037445545 0.008428788 0.999263048
3900.941942 -0.036195736 -0.005021733 0.028131204 -0.000568985 0.037637446 0.008520850 0.999255002
3900.975275 -0.036295630 -0.005061153 0.027799305 -0.000329089 0.037538409 0.008590578 0.999258220
3901.008592 -0.036525328 -0.005172544 0.027948713 -0.000323803 0.037653819 0.008612761 0.999253690
3901.041943 -0.036112014 -0.005165068 0.028363412 -0.000975547 0.037537023 0.008210839 0.999261022
3901.075276 -0.036379017 -0.005099988 0.027899472 -0.000703332 0.037731018 0.008448196 0.999251962
3901.108609 -0.036745798 -0.005152739 0.027936943 -0.000240393 0.037806060 0.008459143 0.999249279
3901.141941 -0.036528118 -0.005451198 0.028289307 -0.000801517 0.037655242 0.008760220 0.999252081
3901.175272 -0.036398239 -0.005238839 0.028100740 -0.000648718 0.037592612 0.008509996 0.999256730
3901.208591 -0.036575831 -0.005053925 0.027798533 0.000101227 0.037506111 0.008838516 0.999257326
3901.241944 -0.036091872 -0.005242674 0.028165031 -0.000977877 0.037458688 0.008640191 0.999260366
3901.275276 -0.036413960 -0.005304323 0.028208079 -0.000926792 0.037537858 0.008736514 0.999256611
3901.308610 -0.036398601 -0.005027527 0.027553629 0.000149027 0.037455257 0.008621319 0.999261141
3901.341941 -0.036540121 -0.005128143 0.028258195 -0.000437782 0.037528276 0.008598848 0.999258459
3901.375259 -0.036175925 -0.005069480 0.027769223 -0.000767061 0.037409920 0.008559377 0.999263048
3901.408592 -0.036190514 -0.004864915 0.028096210 0.000125292 0.037507888 0.008313372 0.999261737
3901.441925 -0.036225092 -0.005303454 0.028015034 -0.000635909 0.037584584 0.008511991 0.999257028
3901.475274 -0.036369707 -0.005099120 0.028295610 -0.000864676 0.037583992 0.008201028 0.999259472
3901.508615 -0.036317140 -0.005060456 0.027878748 -0.000166346 0.037580594 0.008703050 0.999255717
3901.541941 -0.036127266 -0.005263911 0.028072985 -0.000522879 0.037453745 0.008438501 0.999262631
3901.575274 -0.036547787 -0.005134990 0.027924931 -0.000893910 0.037628166 0.008668388 0.999253809
3901.608592 -0.036516152 -0.005075332 0.027682323 -0.000104530 0.037644416 0.008536668 0.999254763
3901.641941 -0.036289003 -0.005068281 0.027921734 -0.000398071 0.037619974 0.008340840 0.999257267
3901.675275 -0.035983782 -0.005141257 0.027887195 -0.000934009 0.037285682 0.008532978 0.999267817
3901.708611 -0.036502011 -0.005026195 0.027976841 -0.000102586 0.037671439 0.008554302 0.999253571
3901.741942 -0.036517557 -0.004994732 0.027816495 -0.000263424 0.037744023 0.008188557 0.999253869
3901.775276 -0.036513437 -0.005238405 0.027795807 -0.000789447 0.037719447 0.008713172 0.999250114
3901.808611 -0.036562037 -0.004825896 0.027923770 -0.000062183 0.037718795 0.008823303 0.999249458
3901.841941 -0.036177523 -0.005006299 0.028127139 -0.000095754 0.037337590 0.008673883 0.999265075
3901.875275 -0.036368374 -0.005145632 0.028325299 -0.000761514 0.037878130 0.008331454 0.999247372
3901.908592 -0.036086004 -0.005063822 0.028411301 -0.000490098 0.037580926 0.008447272 0.999257803
3901.941941 -0.036340956 -0.005118573 0.028212806 -0.000209767 0.037719455 0.008626180 0.999251127
3901.975275 -0.036487907 -0.005069395 0.028057052 -0.000575664 0.037680466 0.008415781 0.999254227
3902.008609 -0.036391489 -0.005071344 0.028203387 -0.000374798 0.037687674 0.008730788 0.999251366
3902.041925 -0.036417760 -0.005062458 0.027987968 -0.000113400 0.037649244 0.008710497 0.999253094
3902.075277 -0.036097731 -0.005063270 0.028013272 -0.000556274 0.037488241 0.008574885 0.999260128
3902.108612 -0.036310811 -0.005090364 0.027984040 -0.000712524 0.037680596 0.008350371 0.999254704
3902.141943 -0.036394689 -0.004844236 0.028050661 -0.000009723 0.037665654 0.008220642 0.999256611
3902.175277 -0.036281735 -0.005041373 0.028252160 -0.000359660 0.037579954 0.008364561 0.999258578
3902.208608 -0.036434457 -0.004923412 0.027928496 -0.000358009 0.037519224 0.008858754 0.999256611
3902.241942 -0.036299005 -0.004929747 0.028039230 -0.000056601 0.037642058 0.008447104 0.999255598
3902.275259 -0.036330100 -0.005203933 0.027964635 -0.000523092 0.037516244 0.008449452 0.999260187
3902.308610 -0.036301471 -0.005285626 0.027466554 -0.000790944 0.037488300 0.008815007 0.999257922
3902.341942 -0.036248062 -0.004852285 0.028202912 -0.000095829 0.037723083 0.008376332 0.999253154
3902.375277 -0.036166348 -0.004819551 0.028060921 -0.000146172 0.037521150 0.008256350 0.999261737
3902.408608 -0.036258664 -0.005091311 0.027883451 -0.000737239 0.037538756 0.008410158 0.999259531
3902.441941 -0.036522262 -0.005060545 0.027940646 -0.000284776 0.037710603 0.008640772 0.999251306
3902.475280 -0.036632787 -0.005068290 0.027931932 -0.000277559 0.037766919 0.008405335 0.999251187
3902.508592 -0.036413196 -0.005271632 0.027895369 -0.000809131 0.037657239 0.008288182 0.999256074
3902.541941 -0.036294848 -0.004929570 0.028158177 -0.000304358 0.037586331 0.008195270 0.999259770
3902.575277 -0.036452252 -0.004934121 0.028116005 -0.000181930 0.037622754 0.008323532 0.999257326
3902.608608 -0.036477782 -0.005187919 0.027739318 -0.000671888 0.037556060 0.008675762 0.999256670
3902.641944 -0.036571629 -0.005055742 0.028293999 -0.000406207 0.037807863 0.008228322 0.999251068
3902.675276 -0.036105901 -0.004980035 0.028104698 -0.000183783 0.037402261 0.008572667 0.999263525
3902.708609 -0.036191128 -0.005307720 0.027911518 -0.000941768 0.037358776 0.008512842 0.999265194
3902.741926 -0.036207318 -0.005029177 0.028169131 -0.000627113 0.037686747 0.008222446 0.999255598
3902.775274 -0.036475312 -0.005268904 0.027824486 -0.000401174 0.037567925 0.008576780 0.999257207
3902.808609 -0.036275096 -0.005078846 0.028087806 -0.000452541 0.037524372 0.008417505 0.999260187
3902.841941 -0.036560711 -0.005166674 0.028034916 -0.000440700 0.037673555 0.008403100 0.999254704
3902.875272 -0.036295712 -0.005029252 0.027909249 -0.000339049 0.037557516 0.008235537 0.999260485
3902.908609 -0.036438614 -0.005055118 0.028009595 -0.000497695 0.037562504 0.008254849 0.999260068
3902.941925 -0.036534294 -0.005135818 0.027905285 -0.000642347 0.037605364 0.008384042 0.999257326
3902.975272 -0.036222562 -0.004917925 0.028007455 -0.000051502 0.037618209 0.008387083 0.999257028
3903.008610 -0.035910334 -0.005122529 0.028532585 -0.000183553 0.037369154 0.008423700 0.999266028
3903.041944 -0.036272779 -0.005156720 0.028034335 -0.000684009 0.037672631 0.008341880 0.999255121
3903.075259 -0.036644697 -0.004994011 0.027927905 -0.000231497 0.037824847 0.008465795 0.999248564
3903.108618 -0.036598958 -0.005176052 0.028312584 -0.000509301 0.037686404 0.008353879 0.999254584
3903.141942 -0.036552280 -0.005071956 0.027954722 -0.000505259 0.037640642 0.008465162 0.999255359
3903.175277 -0.036225863 -0.005130672 0.028265918 -0.000403231 0.037628319 0.008361350 0.999256730
3903.208609 -0.036283661 -0.004933132 0.028209412 -0.000282123 0.037628759 0.008405540 0.999256432
3903.241944 -0.036285702 -0.005194479 0.028045369 -0.000507741 0.037462570 0.008646986 0.999260485
3903.275259 -0.036660768 -0.005144549 0.027868310 -0.000289985 0.037773609 0.008408584 0.999250948
3903.308609 -0.036153156 -0.005142346 0.028214062 -0.000336476 0.037664030 0.008240561 0.999256432
3903.341925 -0.036419932 -0.004960942 0.028186062 -0.000415135 0.037725687 0.008184146 0.999254525
3903.375283 -0.036173858 -0.004980860 0.028195556 -0.000450894 0.037511539 0.008220511 0.999262333
3903.408592 -0.036322605 -0.005061624 0.028235706 -0.000216756 0.037416477 0.008522882 0.999263406
3903.441943 -0.036138404 -0.004900598 0.028340636 -0.000354719 0.037328999 0.008234930 0.999269068
3903.475274 -0.036354907 -0.004860055 0.028112242 -0.000156525 0.037719037 0.007912927 0.999257088
3903.508612 -0.036325231 -0.005045034 0.027675703 -0.000387126 0.037645787 0.008289902 0.999256730
3903.541942 -0.036296975 -0.005048814 0.028364955 -0.000483645 0.037654091 0.008243977 0.999256730
3903.575274 -0.036495693 -0.005111190 0.027939212 -0.000271607 0.037727736 0.008432489 0.999252498
3903.608608 -0.036321856 -0.004934231 0.028066576 -0.000254576 0.037562132 0.008354455 0.999259353
3903.641942 -0.036358256 -0.004995080 0.028152730 -0.000208160 0.037573222 0.008062181 0.999261379
3903.675259 -0.036335122 -0.004964435 0.028027903 -0.000530957 0.037528507 0.008381593 0.999260306
3903.708609 -0.036551483 -0.005218471 0.027695125 -0.000524877 0.037797071 0.008266924 0.999251127
3903.741943 -0.036101475 -0.004840401 0.028188786 0.000132431 0.037454233 0.008259734 0.999264240
3903.775275 -0.036132798 -0.005053435 0.028086167 -0.000393987 0.037283313 0.008526555 0.999268293
3903.808593 -0.036569066 -0.005129157 0.028019737 -0.000512969 0.037695259 0.008804901 0.999250412
3903.841942 -0.036311775 -0.005026541 0.028344754 -0.000147278 0.037701529 0.008404050 0.999253750
3903.875274 -0.036347236 -0.005249625 0.027880346 -0.000453536 0.037507076 0.008868235 0.999256909
3903.908592 -0.036252085 -0.004920716 0.027964780 0.000046944 0.037624367 0.008423247 0.999256492
3903.941942 -0.036208313 -0.005056320 0.028105469 -0.000322164 0.037505511 0.008701522 0.999258518
3903.975275 -0.036259014 -0.005006304 0.027661789 -0.000606753 0.037364352 0.009024655 0.999260783
3904.008610 -0.036357168 -0.004973775 0.027912160 -0.000577516 0.037579905 0.008322841 0.999258816
3904.041942 -0.036248114 -0.005192756 0.028156525 -0.000173154 0.037517708 0.008968178 0.999255717
3904.075282 -0.036114171 -0.005010928 0.027987549 -0.000447087 0.036654890 0.008852117 0.999288678
3904.108609 -0.035901587 -0.005036336 0.028626198 -0.002019723 0.039320484 0.008740287 0.999186397
3904.141945 -0.035561360 -0.005241912 0.029394433 -0.003425715 0.044051070 0.011388856 0.998958528
3904.175276 -0.035159148 -0.005964061 0.029552724 -0.001206874 0.049318258 0.015447012 0.998662949
3904.208609 -0.034356222 -0.005997447 0.030352600 -0.003504754 0.055219311 0.016519971 0.998331428
3904.241942 -0.034448292 -0.004890182 0.032879569 -0.019633006 0.053859401 0.012903595 0.998272121
3904.275276 -0.035171598 -0.004295107 0.033095002 -0.041240230 0.050636057 0.014779520 0.997755885
3904.308609 -0.034014117 -0.006076891 0.032071460 -0.058700357 0.046383128 0.028509423 0.996789932
3904.341940 -0.030407555 -0.015240656 0.028550012 -0.072239339 0.041497741 0.058369003 0.994812846
3904.375276 -0.025338208 -0.030986076 0.022720598 -0.081782371 0.038343966 0.100387640 0.990839899
3904.408592 -0.019405121 -0.052252263 0.015577766 -0.087834388 0.036136594 0.147284552 0.984523475
3904.441944 -0.013263617 -0.077292874 0.007911931 -0.088597871 0.033956151 0.189683869 0.977249980
3904.475275 -0.008109367 -0.102567047 -0.000691039 -0.081941262 0.033197742 0.223734006 0.970632076
3904.508608 -0.004076580 -0.130023316 -0.011285162 -0.069294184 0.033592638 0.248065680 0.965677619
3904.541943 -0.001042539 -0.157257006 -0.021630313 -0.057545822 0.032219887 0.264579237 0.962106168
3904.575276 -0.000608172 -0.183924168 -0.031493049 -0.045827523 0.029082460 0.274839282 0.959957004
3904.608667 -0.002320647 -0.208734140 -0.040540263 -0.034762785 0.027327543 0.282370180 0.958285868
3904.642060 -0.005079789 -0.233107328 -0.051494259 -0.024208726 0.023561362 0.290942580 0.956143916
3904.675438 -0.008601140 -0.258504331 -0.061306998 -0.012730411 0.018186407 0.304237008 0.952337682
3904.708916 -0.013603095 -0.281440079 -0.071814977 -0.005476911 0.010772979 0.320762157 0.947082698
3904.742377 -0.018846001 -0.304866999 -0.081906043 -0.002717079 -0.000714531 0.340771735 0.940141857
3904.775842 -0.024811618 -0.326199770 -0.094173849 -0.000054683 -0.012573714 0.362757176 0.931798935
3904.809178 -0.031217791 -0.346182287 -0.105187148 0.004949155 -0.022555944 0.386321545 0.922075033
3904.842514 -0.037267856 -0.363404155 -0.116610199 0.015276347 -0.031209480 0.408232331 0.912216544
3904.875987 -0.044978552 -0.381850064 -0.129886180 0.027492994 -0.036900334 0.425089926 0.903980732
3904.909108 -0.053982928 -0.395360112 -0.142597944 0.038918510 -0.039033581 0.436099708 0.898208678
3904.942652 -0.063606918 -0.410950482 -0.153752357 0.048710354 -0.041544389 0.443362415 0.894053221
3904.975771 -0.074617863 -0.423341125 -0.162094742 0.059060328 -0.040076170 0.447605014 0.891378462
3905.009304 -0.087028086 -0.437046736 -0.172127023 0.067363501 -0.038860086 0.449063271 0.890109122
3905.042511 -0.099600881 -0.448068172 -0.180226400 0.073213853 -0.040046036 0.446743667 0.890761554
3905.076067 -0.114191979 -0.461757272 -0.187741935 0.080215320 -0.041110676 0.441638499 0.892653883
